token,cluster,sim_to_centroid
take_small_sip,3,0.814190
surgery_date,12,0.659699
persistent_cough,6,0.581206
trap_inside,13,0.397422
left_side,5,0.648406
antispasmodic,1,0.865129
collarbone,5,0.789488
recognize_by,7,0.744304
consult,12,0.745256
shoulder_back,5,0.898423
60,6,0.399874
histamine_intolerance,7,0.569883
defense_mechanism,1,0.613192
vocal_cord_dysfunction,7,0.647100
structural_issue,1,0.859730
fear,4,0.608801
confirm_r_cpd,7,0.675234
scientific,7,0.735586
gastroenterology,14,0.793896
come_up,16,0.540592
gut_bacteria,0,0.596073
intense_nausea,9,0.703573
fruit_and_vegetable,3,0.764553
ekg,14,0.711946
75cc,2,0.795268
displace,13,0.406260
inability_to_relax,13,0.588487
weird_quirk,8,0.659250
mid_40s,1,0.695639
bloodwork,14,0.791962
bad,9,0.508535
airway,13,0.744880
stand_up,5,0.823406
cervical,13,0.644735
scratch,11,0.804599
wiggle,5,0.802423
lansoprazole,10,0.798061
angle,5,0.890275
case_study,7,0.822636
dysmotility,0,0.787346
visceral_manipulation,1,0.814231
news_article,7,0.839233
uncontrollable_dry_heave,1,0.849220
exacerbate,0,0.679752
velociraptor,16,0.654104
grow_up,4,0.779409
bottom_jaw,5,0.765214
colic,4,0.651635
pay,12,0.654839
pocket_of_air,13,0.448914
give_up,8,0.310993
elastic_waistband,1,0.523180
exposure,4,0.327190
strange_noise,16,0.443905
doc,14,0.714605
next_few_week,6,0.505379
your_adams_apple,5,0.806983
bastian_paper,7,0.763385
repulsive,1,0.728534
headache_fatigue,1,0.868853
misdiagnose_with_ibs,8,0.625292
exhale,5,0.717901
prescription,10,0.787352
gradual,6,0.725550
office_injection,2,0.900054
abdominal_pressure,13,0.579149
audition,1,0.815876
r/fodmap,1,0.799256
via_endoscopy,12,0.666525
cause_r_cpd,0,0.748801
dinosaur,16,0.638909
energy_drink,3,0.839778
sibo_small_intestinal,1,0.890028
teach_yourself,15,0.609785
mucus_stuck,1,0.616494
unpleasant_side_effect,8,0.558191
digestive_organ,1,0.848601
upper_esophageal_sphincter_ues,13,0.687967
distend,13,0.542698
obnoxious,16,0.666364
right_side,5,0.687303
diner,1,0.742581
flat_tummy,1,0.832258
b6,1,0.671614
complication,0,0.508207
irritable_bowel,1,0.823426
anything_solid,3,0.558605
extreme_nauseous,9,0.728395
big_meal,3,0.613394
loose,13,0.702750
uneasy,1,0.794109
doctor_bastian_paper,14,0.769592
modify_barium_swallow,14,0.906306
starch,3,0.779117
valium,10,0.488439
a_hiatal_hernia,0,0.789717
belly_breathe,15,0.780271
group,7,0.801319
complete_change,8,0.499080
funky,1,0.639956
suspect,0,0.803618
before_bedtime,3,0.656996
seasonal,1,0.613222
nauzene,10,0.660075
carrot,3,0.828468
your_nose,11,0.647302
5k,12,0.863659
ceiling_stretch,1,0.786116
make_sense,0,0.541528
fight_or_flight,4,0.406872
slim,4,0.457590
our_intestine,13,0.486970
beneficial,15,0.518548
uhc,12,0.864544
nasal_passage,11,0.631800
causation,0,0.676024
nervous_about,11,0.506720
nitrogenize,1,0.662819
lean,5,0.867237
untreated_rcpd,1,0.854158
evidence,7,0.715103
abdominal_cramp,9,0.575574
relieve_pressure,16,0.510093
dread,9,0.585251
probiotics,10,0.828658
capsule,3,0.500321
elevate_pillow,1,0.791827
metabolism,6,0.347371
tight_muscle,13,0.575816
absolutely_amazing,12,0.729291
social_life,4,0.621214
gi_tract,13,0.572479
learn_to_control,15,0.555673
drink_alcohol,3,0.567809
myotomy,2,0.759079
appointment_with_doctor_pitman,1,0.891053
weird_gurgle_noise,16,0.592138
misalignment,1,0.823770
mortify,16,0.561111
hyperventilation,1,0.846232
bad_posture,0,0.616921
idiopathic,1,0.624236
100u,2,0.880849
physical_manipulate,1,0.812261
throw_up_because,16,0.562091
every_couple,6,0.444579
flustered,1,0.911120
head_turn,15,0.670648
mind_at_ease,1,0.497423
diagnose_and_treat,7,0.646288
able_to_burp,4,0.433959
high_pain_tolerance,1,0.756553
old_patient,2,0.748312
r_cpd_symptom,0,0.611444
believe,0,0.341749
trick,15,0.626033
like_wtf,1,0.666064
panicky,8,0.385089
go_to_doctor_spiegel,12,0.843614
determine,14,0.662879
related,0,0.606572
super_nauseous,16,0.597178
wedge,10,0.432026
diet_coke,3,0.775524
five_month,6,0.580106
feel_unwell,8,0.484147
erupt,16,0.564264
plenty_of_water,3,0.653506
ed,0,0.842503
fade,6,0.763455
dysfunctional,13,0.797477
vodka_and_cranberry,3,0.843386
rare,4,0.437858
mucusy,1,0.743396
chat,12,0.624914
nasal_cavity,13,0.446266
dairy_free,3,0.620785
kid,4,0.641060
command,16,0.653520
more_bearable,8,0.468742
strain,5,0.525656
scapula,1,0.803468
not_alone,8,0.680188
quick_and_easy,12,0.703994
else_experience,1,0.880734
trivial,8,0.680735
hesitant,2,0.486012
word_of_advice,1,0.745884
correlate,0,0.645496
r_cpd_patient,7,0.724754
thing,16,0.132661
actual_condition,7,0.659549
functional_dyspepsia,1,0.736296
90_degree,5,0.808772
subconscious,16,0.388720
scar_tissue,13,0.580137
7_month,6,0.696035
gord,0,0.812836
scare,4,0.387387
water_to_chase,3,0.667427
friend_house,3,0.584056
prilosec,10,0.846803
primary_care_doc,7,0.745552
nonstop,16,0.652560
appointment_with_lucy_hicklin,12,0.747149
basically_paralyze,1,0.631331
tingly,1,0.898209
lpr,0,0.781741
mild_discomfort,1,0.635308
repress,4,0.517120
ent_surgeon,7,0.819681
gross,16,0.733422
provider,12,0.825139
provide_relief,16,0.656397
make_myself,16,0.703570
caffeine_alcohol,3,0.795018
collaborate,1,0.886640
citrus,3,0.908132
esophagoscopy,14,0.764735
retrain,15,0.605992
under_general_anaesthesia,2,0.851718
starve,3,0.560613
woozy,11,0.651805
cartilage,5,0.739135
unhappy,8,0.402100
thrill,8,0.827673
less_frequent,6,0.750708
throw_up_but,16,0.681810
fellow_gurgler,1,0.843479
undergo,14,0.678214
garlic_onion,3,0.826863
trigger,16,0.305096
core,5,0.706592
40_unit,2,0.910179
welcome_fellow,1,0.824594
gain_weight,4,0.512584
genetics,0,0.666304
under_anesthesia,2,0.765884
tongue_against,1,0.595857
gastroenteritis,1,0.819551
preop,12,0.633047
blood,13,0.460057
sleep,5,0.352337
pre_authorization,12,0.880033
broccoli,3,0.858202
six_week,6,0.624526
anaesthetist,12,0.817525
wear_off_complete,6,0.722159
medical_professional,7,0.692771
several_time,16,0.353958
footage,7,0.641930
observant,1,0.814462
similar_experience,8,0.354801
propofol,11,0.526458
blow_up_full,13,0.600112
regulate,13,0.479597
under_general,2,0.845950
histamine,1,0.511248
r_cpd,0,0.823630
same_boat,1,0.906213
yogurt,3,0.844712
scoliosis,0,0.490201
round_2,2,0.812122
educate,7,0.814989
alcohol,3,0.696585
upper_ab,13,0.653066
dinner,3,0.725376
reflex,13,0.528107
sharp,5,0.691763
mirena,1,0.905889
salad,3,0.867765
crystallize_ginger,1,0.830891
sick,16,0.483600
numb_needle,1,0.715707
nitrogen,1,0.605176
anything_carbonate,3,0.855398
intestinal_gas,9,0.438839
numb_spray,11,0.766148
growl,16,0.714776
constant_nausea,9,0.842776
high_fodmap,3,0.760031
hydrotalcite,1,0.879578
gut_flora,1,0.469086
tummy_ache,9,0.584809
dystonia,7,0.641144
blood_test,14,0.829510
get_worse,9,0.476849
after_dinner,3,0.590827
groggy,11,0.747630
scary,11,0.420306
book,12,0.679883
regurgitation,6,0.308774
cut_out_carbonation,1,0.710261
doctor_near,7,0.773350
shaker_method,15,0.678623
unable_to_vomit,4,0.664548
daily_misery,1,0.807246
little_quirk,1,0.785093
small_sip,3,0.684559
50_100,2,0.782377
tissue,13,0.773564
50_unit,2,0.853574
loud_noise,16,0.628083
imaging_use_barium_contrast,7,0.636841
learn,15,0.527435
bbc,7,0.757801
vegetable,3,0.827425
drink_soda,3,0.629601
thoracic,13,0.655965
peppermint_oil_capsule,10,0.579717
upper_endoscopy,14,0.886906
show_r_cpd,14,0.687947
yawn,16,0.647689
co_pay,12,0.863991
force_myself,16,0.710679
roof_of_mouth,1,0.614200
love_to_hear,8,0.782982
ultrasound,14,0.795514
pharyngeal,13,0.719155
medical_journal,7,0.830171
worry,6,0.320553
voice_box,13,0.694547
skip_breakfast,3,0.502059
drink_carbonate,3,0.599290
liquor,3,0.823387
hello_fellow_noburper,8,0.787002
air_inside,16,0.251054
go_down,11,0.474602
somewhat_relieve,1,0.603253
dang,8,0.835272
cannabis,10,0.569594
trap_air_bubble,1,0.672009
laryngeospasm,1,0.560504
huge_meal,3,0.582762
chest_tightness,9,0.879422
wary,7,0.490788
after_meal,9,0.533091
very_rarely,16,0.550336
every_single,9,0.470777
throat,13,0.353848
soft_food,3,0.716817
healthcare_professional,7,0.832093
thin,11,0.326046
sore_throat_afterwards,1,0.642452
upper_airway,1,0.774112
ct_scan,14,0.749086
wake_up_feel,11,0.549509
agh,1,0.878514
op,12,0.604806
huge_air_bubble,1,0.569380
stricture,0,0.781415
gasx,10,0.785991
quirk,4,0.641502
lower,13,0.729999
digestive,0,0.727070
emetophobe_here,4,0.654229
celiac_disease,0,0.827578
screen,14,0.597901
structure,13,0.721964
zyrtec,10,0.750135
fodmap,10,0.632728
sinus,11,0.607881
rhinitis,1,0.819334
vitamin,10,0.657197
chiari,1,0.912014
keep_practice,15,0.614256
home_early,3,0.376516
high_risk,0,0.415898
chest_inward,1,0.703020
suppress,16,0.583133
health_condition,0,0.581251
bubble,16,0.581087
gargle_sound,16,0.381808
ny,12,0.861291
birth,4,0.680312
throat_gargle,8,0.593391
soar,1,0.682341
dry_heave,16,0.668122
dangerous,0,0.338032
sing,6,0.232352
recline,5,0.734472
ill_admit,8,0.746276
toddler,4,0.604514
insurance_plan,12,0.850158
mental,4,0.364290
gi_test,14,0.767979
connective_tissue_disorder,0,0.774721
lower_gi,0,0.608757
neck_shoulder,15,0.552402
hyper,0,0.440451
cigna,12,0.896637
late_teen,4,0.675198
physiotherapist,7,0.622014
laryngeal_spasm,12,0.671293
chin_tuck,15,0.809628
personality,4,0.515970
cry,16,0.485794
predisposed,4,0.551361
physical_health,8,0.567855
additional_info,1,0.760306
irrational_fear,4,0.604542
gluten,3,0.572360
tract,13,0.796027
aspect,4,0.528797
conscious,15,0.476585
sudden,16,0.539813
medical_expertise,1,0.911525
original_paper,1,0.756541
inwards,5,0.747291
ecg,14,0.645029
serotonin,0,0.453274
wear_tight_clothes,1,0.805812
chaser,3,0.845929
cannula,11,0.572750
get_stuck,16,0.436313
barrett,0,0.789534
surreal,8,0.774959
risky,2,0.445881
iron_pill,1,0.606431
abdominal_discomfort,9,0.659385
puff_out,5,0.756969
concert,3,0.575319
paradox,13,0.426687
take_tums,10,0.680501
laryngologist_who,7,0.827480
imaging,14,0.704627
poop,9,0.475757
unexpected,6,0.585378
private_hospital,12,0.946822
bbq,3,0.668046
nutrient,3,0.632169
my_sternum,5,0.670680
trap_wind,9,0.878950
single_bite,1,0.737484
gag_sensation,9,0.562570
bloat_belly,9,0.689671
10_15,6,0.670718
full_of_air,9,0.605322
involuntary_dry,1,0.650945
certain_position,5,0.792188
stumble_across,7,0.809623
25mg,1,0.866161
physiological,0,0.647133
lower_esophageal_sphincter,13,0.830176
small_intestinal,1,0.770239
nostril,11,0.667419
ptsd,4,0.799592
laxative,10,0.763111
75_unit_with_doctor_bastian,1,0.824379
clap,8,0.545809
chew_well,3,0.781446
neutralize,10,0.650855
scan,14,0.882707
gurgle,16,0.593518
social_situation,9,0.532911
cost,12,0.672920
abdomen,13,0.744464
since_childhood,4,0.808524
pelvic_muscle,1,0.701487
fever,11,0.639792
activity,15,0.297313
preventative,10,0.562233
trap,13,0.539076
phone_call,12,0.790307
mouthful,3,0.564494
smooth_muscle,13,0.796046
hamstring,15,0.554562
hoarse,11,0.602843
upright,5,0.788504
doctor_karen,1,0.857502
build_up_air,16,0.472159
anemic,10,0.429395
brain_fog,0,0.607314
sleep_elevate,3,0.503098
fizzy_drink,3,0.592095
injury,13,0.718851
pitch,5,0.358428
insurance_company,12,0.849344
celery,3,0.835996
high_dose,2,0.764891
doctor,14,0.613125
diverticulum,7,0.586010
related_to_noburp,0,0.495197
puppy,1,0.545037
gag_yourself,16,0.477152
restaurant,3,0.753296
dose,2,0.747833
manipulate,15,0.668554
lubricate,11,0.490783
chronic_fatigue,0,0.686292
push_against,13,0.801336
peristalsis,13,0.806112
main_issue,9,0.546213
stomach_virus,4,0.610014
esophageal_dysmotility,14,0.459388
meltdown,1,0.912478
sharp_pain,9,0.652699
try_to_convince,7,0.708787
plant_base,3,0.791887
interconnected,1,0.636088
cancel_plan,1,0.679600
own_spit,11,0.458509
constant_discomfort,4,0.631304
restore,15,0.372571
bloat_gurgly,1,0.631787
31_year_old,1,0.862553
borderline_underweight,1,0.853716
admission,12,0.819652
vertebrae,1,0.775898
idea_why,1,0.335049
neck_massage,15,0.794370
fluoroscopy,14,0.725836
any_chance,7,0.586473
hunger,9,0.740467
yale_medicine_condition_summary,7,0.798684
open_your_mouth,5,0.775274
sertraline,8,0.527608
good_posture,15,0.807742
breathe_deep,5,0.660968
hack_up,1,0.723707
prepare,11,0.488321
petition,7,0.762039
belly_breath,15,0.558721
neck_stretch,15,0.822687
esophagus,13,0.707780
lie,5,0.694235
population,0,0.534689
inability_to_belch_gurgle_noise,13,0.447982
horrible_cramp,1,0.757292
exhaust,9,0.429280
tense,13,0.614921
hate,16,0.478540
less_bloat,9,0.519327
gi_system,0,0.536744
very_tight,13,0.627791
significant,6,0.369523
trap_air,9,0.566661
bcbs,12,0.848619
granola_bar,3,0.761861
drastic_change,8,0.699639
wiki_page,7,0.825116
herbal_tea,3,0.696157
your_neck,5,0.781090
nauseate,9,0.720606
super_bloat,9,0.694886
sad,8,0.720221
rumble_noise,1,0.664998
pretty_frequently,1,0.621718
attribute,0,0.705436
payment,12,0.889531
bunch_of_test,14,0.803091
cervical_spine,1,0.608787
flap,13,0.763059
ease,11,0.228611
small_meal,3,0.799884
abrasion,1,0.781409
enzyme,10,0.686077
anti_nausea_medication,10,0.639375
muscle_spasm,13,0.466228
sensation,16,0.505013
malabsorption,0,0.659352
super_gross,8,0.526909
godzilla,1,0.806650
health_care,12,0.837958
a_speech_pathologist,14,0.482828
pennsylvania,12,0.851998
repair,0,0.642886
botox_injection,2,0.588454
provider_who,1,0.706413
build_up_gas,9,0.286459
zantac,10,0.925600
heartburn_medication,10,0.752598
appetite,9,0.467537
burp,16,0.600117
deal,4,0.394660
bubble_pop,16,0.544080
single_injection,2,0.758614
misery,4,0.537304
breathe_through,11,0.439320
professional_singer,8,0.461693
ga,2,0.722432
avoid_carbonation_alcohol_caffeine,1,0.624504
deteriorate,1,0.716981
cognitive_behavior_therapy,1,0.707212
gp,14,0.707599
exorcism,16,0.701417
barium,14,0.618948
pass_out,16,0.435258
4000,12,0.878674
anaerobic,1,0.842823
celsius,1,0.735455
connective_tissue,0,0.561350
adverse_reaction,2,0.699459
gaseous_distension,1,0.784330
decaf,3,0.743789
build_up_of_gas,9,0.734838
absolutely_love,8,0.811912
tingle,9,0.572767
drowsy,11,0.600540
viral_infection,1,0.581699
outpatient,12,0.864745
bile,16,0.432483
silly,8,0.568631
fellow_no,1,0.928238
pathway,13,0.623217
propranolol,10,0.683485
thankful,8,0.669239
very_loud,16,0.817259
muscle_contraction,13,0.664609
permanent_side_effect,1,0.704039
kink,13,0.771822
gluten_intolerance,0,0.639775
injection_itself,11,0.570119
refuse_to_believe,8,0.603154
dermatitis,1,0.854473
medication,10,0.761569
medical_article,7,0.754375
hypnosis,7,0.713547
tiny_sip,3,0.542349
air_vomit,16,0.562569
month_pregnant,1,0.537121
thorough_chew,1,0.656251
linx,1,0.628290
lay,5,0.693579
traumatic_experience,4,0.760861
newcomer,7,0.771174
trait,0,0.597550
musculature,1,0.746490
super_excite,8,0.706978
day_1,11,0.632250
sadness,1,0.911999
drink_water,3,0.614222
surgical_center,12,0.896395
probe,11,0.626060
porridge,3,0.837459
vocal_exercise,1,0.821789
surgeon_who,12,0.729963
mayo_clinic,14,0.726837
microbiome,0,0.671856
insurer,12,0.882927
strengthen,15,0.746447
procedure,2,0.566275
second_round,2,0.825092
take_omeprazole,10,0.671437
fermentation,3,0.674587
initial_consultation,12,0.887088
celiac,0,0.695904
while_awake,2,0.639143
safe_food,3,0.734694
underweight,4,0.576900
creepy,8,0.686433
afraid,4,0.372784
symptom_of_r_cpd,0,0.753775
abdominal_distension,9,0.575419
public_health_care,1,0.805615
mind_boggle,1,0.860256
choke_to_death,16,0.356912
associate_symptom,0,0.489095
ibs_sibo,7,0.676400
counseling,7,0.526069
tiny_microburp,6,0.704970
25_unit,2,0.910617
neurological_disorder,1,0.863757
rare_condition,7,0.806339
spray_numb,11,0.639366
oooh,8,0.792173
incredible,8,0.571961
hypermobile,0,0.735783
deep_breathe,5,0.597513
flare_up,9,0.682980
green_tea,3,0.831813
bean,3,0.778744
ache,11,0.600378
press,5,0.834757
heartbreak,8,0.859200
sit_down,5,0.795209
scratch_throat,11,0.579740
maneuver,15,0.759083
take_pill,3,0.440776
stay_away,3,0.858455
supplement,10,0.878662
zebra,7,0.658414
egd,14,0.913287
past_few_month,4,0.473616
anti_nausea,10,0.714083
barium_enema,1,0.681502
lethargic,6,0.445508
washington,12,0.908173
foam,5,0.618413
liquid_diet,3,0.666095
before_bed,3,0.653432
nightshade,3,0.675732
surgery_room,12,0.604910
mock,8,0.588412
self_train,1,0.734130
quirk_of_mine,1,0.915010
profuse,1,0.808900
telemed,12,0.806835
extreme_flatulence,1,0.594503
needle_through,11,0.552627
comorbidity,0,0.700148
misdiagnose,0,0.718793
esophageal_cancer,0,0.795812
larynx_lower,15,0.854348
lean_forward,5,0.878218
then_suddenly,16,0.564598
uk,12,0.675184
let_out,16,0.780872
dismiss,7,0.519919
desperate,8,0.494458
sweat,9,0.590957
r_cpd_i,0,0.717857
find_this_page,8,0.773690
this_subreddit,7,0.717814
low_energy,1,0.805474
concave,1,0.723165
good_decision,8,0.420184
fibre,3,0.699270
try_to_escape,16,0.558415
gi_map,14,0.614709
small,6,0.448922
similar_situation,8,0.657375
sting,11,0.797796
tiny_micro,6,0.653459
consistent,6,0.580405
new_to_this_subreddit,1,0.856995
kombucha,3,0.811816
prevent,13,0.480233
than_average,9,0.359604
lightheaded,11,0.602964
tiny_little,16,0.661428
your_frustration,8,0.834648
young_child,4,0.809327
gastroscopy,14,0.827580
drainage,11,0.564740
heavy,3,0.609369
cat_cow,1,0.734196
assessment,12,0.833969
research,7,0.689828
medicare,12,0.876959
amazing,8,0.695161
singer,15,0.296815
try,15,0.484638
mute,1,0.716077
vertical_shaker_exercise,1,0.747346
main_symptom,9,0.612203
medical_system,7,0.668990
ease_off,6,0.742165
antacid_tablet,1,0.754530
lockdown,8,0.421359
family_doctor,14,0.773501
under_sedation,1,0.744445
dysphagia_or_laryngeal_dystonia,1,0.491035
out_of_network,12,0.912950
dilate,13,0.788079
nonburper,7,0.718009
good_choice,8,0.518578
day_6,6,0.818594
botox_tu_avail,12,0.671166
hypnotherapy,7,0.484323
endoscopy_ct,1,0.775401
functional_disorder,1,0.654677
botox_wear_off,6,0.552678
pfd,7,0.644601
partial_myotomy,2,0.837477
oh_okay,8,0.733437
small_hiatus,7,0.589485
irritate,11,0.473506
ent_consultant,7,0.767940
public_healthcare,12,0.797798
technique,15,0.752565
popcorn,3,0.801788
11,6,0.643816
symptom_e_g,1,0.775806
amaze,8,0.778366
difficulty,6,0.239236
eat_soup,3,0.786500
cauliflower,3,0.836291
emg_guide,1,0.714108
apt,12,0.749501
intensify,9,0.554607
chase_everything,1,0.824650
ohip,12,0.845175
probiotic,10,0.876737
acid_reflux,0,0.430488
inject_100_unit,2,0.769568
funny,16,0.581055
full_breath,16,0.230671
scared,4,0.339757
go_to_bed,9,0.546260
manometry_and_ph,1,0.829036
regulation,1,0.508593
our_ues,13,0.637090
scar,0,0.539638
deep_breath,5,0.555479
purge,16,0.529837
speak,7,0.297699
70,2,0.683160
mind_blow,8,0.731617
bp,5,0.497225
negative_reaction,1,0.847574
90_success_rate,2,0.802129
numb,11,0.865509
diary,6,0.498603
infuriate,8,0.652683
bacteria,0,0.567854
pinch_myself,1,0.836746
practitioner,7,0.832280
tense_up,13,0.653671
subreddit,7,0.812104
curse,4,0.663622
taste_like,16,0.504057
petrify,8,0.570454
healthcare,12,0.829339
dairy,3,0.745841
repeat_injection,2,0.785400
experiment_evidence,0,0.550666
occasion,16,0.370867
want_to_share,8,0.714796
harm_ocd,1,0.841371
regularity,1,0.716373
rip_apart,1,0.672181
dysautonomia,0,0.655805
tooth_brush,15,0.531965
gentle_press,1,0.766259
hero,8,0.837379
tiny_burp,6,0.557384
narrow,13,0.733378
pill,10,0.537914
adenomyosis,1,0.792990
cat_scan,1,0.793643
malnutrition,4,0.501557
laryngopedia_com,7,0.769512
any_correlation,0,0.685855
lean_down,5,0.591982
distract,9,0.361873
day_0,2,0.618700
chest_cavity,13,0.703243
your_pcp,12,0.719138
beth_israel,7,0.726452
wine,3,0.856727
r_cpd_so,7,0.841298
intubation,11,0.704864
anything_fizzy,3,0.728886
barrett_esophagus,0,0.789024
throat_nausea,9,0.708947
surgical,12,0.815867
downside,2,0.454747
journal,7,0.708357
mash_potato,3,0.771405
finger_x,8,0.586007
take_dramamine,1,0.637126
food_get_stuck,11,0.635499
faint,11,0.572576
west,12,0.841914
find_this_sub,8,0.583423
liquid,3,0.473008
cobra_pose,15,0.548530
odd,16,0.315376
esophageal,0,0.701612
100_unit,2,0.851548
eat_slow,3,0.792281
yikes,8,0.730987
distress,4,0.482809
rumble,16,0.642396
range,6,0.386624
numerous_test,14,0.627616
small_intestine_bacterial_overgrowth,1,0.595760
straight,5,0.757919
inflammation,0,0.650728
his_patient,2,0.684688
wedge_pillow,10,0.526803
unaware,7,0.638172
so_frustrate,8,0.602014
minority,8,0.546371
laughter,16,0.532671
too_tight,13,0.875271
feel,16,0.521493
tongue_posture,15,0.819999
farty,8,0.601441
water_chaser,3,0.588440
nasal_scope,11,0.671131
avoid,3,0.596141
annoy,9,0.444322
pudding,3,0.825500
less_flatulence,6,0.522032
salivation,9,0.695938
lie_flat,5,0.704598
can_relate,8,0.695720
soreness,11,0.804572
10_12,6,0.637674
appointment_tomorrow,12,0.755287
3_5,6,0.771842
brewery,3,0.535855
empty_stomach,3,0.745298
catheter,11,0.502725
laryngopedia,7,0.829334
foresee_future,1,0.836679
willing_to_travel,12,0.867775
pleasant_experience,11,0.542444
allergy,0,0.577039
more_consistent,6,0.612188
cricoid_massage,15,0.771354
r_cpd_suffer,0,0.827709
liquid_ibuprofen,10,0.614995
high_resolution,14,0.833681
irreversible,0,0.518416
more_intense,9,0.517763
pterodactyl,16,0.610502
antibiotic,10,0.726569
list_of_specialist,7,0.841748
manual_open,15,0.565571
mouth_open,5,0.803141
compassion,8,0.704625
fart_machine,1,0.681110
motilium,1,0.665550
abdominal_ultrasound,14,0.738632
reflux,0,0.347166
lactose_intolerance,0,0.771605
nap,11,0.528766
hyoid_bone,1,0.719013
soda_water,3,0.772699
smell,16,0.657470
cold_brew,3,0.603328
support_community,1,0.818871
once_or_twice,6,0.473559
webinar,7,0.763909
sleep_flat,1,0.387668
pillow,5,0.717353
ton_of_air,16,0.378226
urgh,1,0.855603
right_position,5,0.747575
find_this_thread,8,0.788218
small_piece,3,0.535535
ppi_medication,10,0.805290
tablet,10,0.764860
treatment,2,0.504046
discomfort,9,0.650495
inject,2,0.577453
beverage,3,0.897200
sparkle,3,0.829749
distend_stomach,9,0.567970
breathe_pattern,15,0.514468
diagnose_with_ibs,0,0.692597
stomach_cancer,0,0.551487
blood_pressure,11,0.377262
low_fodmap,10,0.686545
osteopath,7,0.739731
ineffective_esophageal_motility,14,0.656017
ingest,3,0.580235
chug_anything,3,0.370689
local_ent,7,0.786974
sprite,3,0.833788
traumatize,4,0.776101
potential,0,0.639822
dramamine,10,0.629362
side_affect,2,0.556962
around_10,6,0.601852
congratulation,8,0.730026
abdominal_x_ray,1,0.741085
lower_gi_tract,1,0.870552
husky,1,0.908243
fascia,13,0.618815
traumatic_vomit,4,0.646841
wholesome,1,0.885281
rule_out,14,0.738180
try_to_force,16,0.611031
gluten_and_dairy,1,0.663883
day_3,6,0.787750
shaker_exercise_and_larynx_lower,15,0.669285
swallow_study,14,0.849474
doctor_bastion,7,0.756454
sing_ability,1,0.646161
department,12,0.797838
catch,16,0.692733
ues_muscle,15,0.533809
publish,7,0.825437
microlaryngoscopy,1,0.854760
mad,16,0.311414
excruciating_pain,9,0.498964
more_frequently,6,0.484681
home_remedy,15,0.606860
this_page,7,0.818626
micro_burp_here,6,0.659071
dyssynergia,0,0.707848
body_position,15,0.771873
disconcerting,8,0.563910
excess_mucus,1,0.567594
receive_treatment,12,0.791275
permanent_fix,2,0.602921
angst,1,0.722545
fuzzy,11,0.516315
between_meal,3,0.732696
send_hug,1,0.915720
gurgle_noise,9,0.616234
water,3,0.594099
uncontrolled,6,0.698740
past_couple,6,0.471969
terrify_of_vomit,4,0.672126
achalasia,14,0.673444
feel_nauseate,9,0.513446
swallow_air,16,0.410983
hundred_of_time,6,0.453603
vocal_chord,13,0.552648
stiffen,1,0.691470
train_yourself,15,0.655892
retrograde_cricopharyngeal_dysfunction_r,7,0.825040
wear_off_after,2,0.708441
extra_gurgly,1,0.792339
pt,15,0.438079
slow_go_away,1,0.737192
diet_low_fodmap,10,0.612984
loud_hiccup,16,0.628727
finger_cross,8,0.504292
conclude_that,0,0.633906
very_frustrate,8,0.584681
posture_correction,15,0.648515
government,12,0.799094
deductible,12,0.780769
fade_away,6,0.670563
third_round,2,0.861463
fatty_food,3,0.792174
large_meal,3,0.688064
dinner_party,1,0.618517
anti_acid,10,0.885744
lower_esophageal_sphincter_les,1,0.554615
happy_tears,1,0.809859
alberta,12,0.838834
interest_to_hear,8,0.611353
super_nervous,8,0.653695
2k,12,0.770467
yoghurt,3,0.837239
first_appointment,12,0.759057
a_small_hiatal,0,0.768213
tuck,5,0.920506
invasive_procedure,1,0.678232
curious_to_see,8,0.615834
high_fiber,3,0.734150
phone_appointment,12,0.710669
stuffy,1,0.524275
unintentional,1,0.527521
belch_reflex,0,0.677959
prosecco,3,0.768681
plummet,1,0.899274
remind_yourself,8,0.352855
coping_mechanism,1,0.672278
common_with_r_cpd,1,0.782623
lovely,8,0.612512
doctor_bastian,7,0.576370
almond_milk,3,0.842133
trauma,0,0.694101
diet_change,10,0.634089
symptom_free,6,0.647105
r_cpd_be,0,0.819050
strep_throat,11,0.726362
illness,0,0.672971
absorption,0,0.598500
prove,0,0.588627
joy,8,0.740260
fear_of_puke,4,0.544087
hospital_fee,12,0.859628
ibd,0,0.835567
blog,7,0.698087
tongue_position,15,0.664124
ms,14,0.766213
forum,7,0.772953
lean_over,5,0.623491
so_excite,8,0.748696
square_one,1,0.778826
garlic,3,0.845755
worse_with_age,4,0.433918
gargle,16,0.723466
severe_anxiety,4,0.655814
soft_palate,5,0.665605
omg,8,0.725836
internal_injection,2,0.824322
constriction,11,0.434072
john_hopkins,7,0.848932
cricoid_muscle,13,0.790960
same_reaction,8,0.777286
space_between,1,0.670208
due_to_r_cpd,0,0.468254
avoid_alcohol,3,0.819878
intolerable,4,0.409843
mouthful_of_water,3,0.482406
unblock,1,0.837319
nutrient_absorption,1,0.773858
reduce,10,0.418173
gastroparesis,0,0.890216
oatmeal,3,0.808194
upper_respiratory,1,0.796176
expel_gas,13,0.414644
curious_about,8,0.521067
related_to_r_cpd,0,0.689948
picture,13,0.428649
gulp_of_water,3,0.414213
h_pylori,0,0.807810
cricopharyngeal_achalasia,1,0.861598
relaxation,13,0.716969
spectrum_disorder,1,0.678700
loopy,11,0.612134
more_frequent,9,0.558809
endoflip,14,0.753080
neurological,0,0.744517
sensitive,11,0.238299
speech_therapist,7,0.588076
camera_up,11,0.680444
chew,3,0.617800
the_vocal_cord,13,0.733665
belch,16,0.673493
link_to_r_cpd,1,0.647143
laryngoscope,14,0.719480
avoid_beer,3,0.753822
stomach_ache,9,0.789471
value,7,0.838863
palpation,1,0.859885
standard_dose,2,0.788639
pcp,14,0.817915
22f,8,0.722310
swallow_pill,4,0.233376
stiff,13,0.575224
amount_of_air,13,0.355593
gut_motility,10,0.418148
mirtazapine,10,0.612100
initial_visit,12,0.879464
camera_down,11,0.652694
wake_up_from_anesthesia,11,0.644194
pretty_rare,6,0.373878
infect,11,0.507526
gas_produce,3,0.644706
colonoscopy,14,0.801094
bitter_taste,11,0.725764
spindrift,1,0.721657
petite,2,0.513587
anxiety_disorder,4,0.726546
slight_lump,11,0.685536
confirm,14,0.764899
nice_nap,1,0.691217
shaker_exercise_search,15,0.748616
very_small_hiatal,1,0.743383
peer_review,7,0.893854
peppermint,10,0.758148
ent_doc,14,0.752676
swallow_difficulty,11,0.447385
demon,16,0.762865
lpr_silent_reflux,4,0.493301
fellow_no_burper,8,0.750352
acid_food,3,0.804673
kind_of_gross,1,0.619849
theatre,12,0.689027
sweat_shake,1,0.864565
pump,5,0.490888
past_few,6,0.513906
spread_awareness,7,0.796657
genetic_analysis,7,0.765872
ppi,10,0.770841
anorexia,4,0.683145
small_dose,2,0.781050
high_deductible_plan,12,0.839539
look_down,5,0.822241
prevacid,10,0.650144
severe_underweight,4,0.610427
telehealth,12,0.869925
very_nervous,8,0.665375
chance_of_develop,0,0.661919
cocktail,3,0.827410
flexor,1,0.860197
chest_hurt,1,0.871068
digest,3,0.569964
lame,8,0.823804
hard_seltzer,3,0.564999
few_microburp,6,0.618987
network,12,0.909490
autoimmune_disease,0,0.775140
stiffness,11,0.455572
extremity,1,0.811825
oh_man,8,0.810044
kinda_gross,16,0.573297
insist,14,0.790939
nhs_route,7,0.707204
loud,16,0.778864
endoscope,14,0.669488
hunger_pain,9,0.606163
dosage,2,0.811318
sensitivity,0,0.658890
post_operation,1,0.641099
hardship,1,0.897120
story,8,0.574556
woohoo,8,0.793257
maternity,1,0.797729
irritation,11,0.502465
dizziness,9,0.801847
loose_stool,9,0.660149
bruise,11,0.822057
personal_experience,7,0.669039
panic,16,0.398460
avoid_trigger,3,0.712615
left_nostril,11,0.667796
pretty_intense,6,0.568840
referral_from_your_gp,12,0.773389
fourth,2,0.676909
chicken_tender,1,0.860570
deserve,8,0.736095
coping_strategy,1,0.885560
tiny_pop,16,0.375054
build_up_of_air,16,0.299191
describe_r_cpd,7,0.839556
success_story,8,0.629509
heave,16,0.726329
weird,16,0.596214
liquid_tylenol,11,0.579848
little_pop,16,0.457901
core_strengthen,15,0.776399
greasy_food,3,0.833389
datum,7,0.685394
life_change,8,0.631847
lump_sensation,1,0.609942
community,7,0.730383
another_injection,2,0.729088
severe_constipation,4,0.506164
uncontrolled_burp,6,0.705991
general_practitioner,7,0.770424
sip_of_water,3,0.526654
talk_about,7,0.429914
lifelong,0,0.778898
therefore,13,0.697811
high_pressure,13,0.807751
snack,3,0.820967
tightness,13,0.579781
quebec,12,0.904133
mouth,5,0.605489
fellow_non_burper,7,0.659355
difference,6,0.265166
fear_of_vomit,4,0.723438
kyphosis,1,0.847111
rheumatoid_arthritis,7,0.578334
psyche,1,0.744732
75u,2,0.861789
my_gag_reflex,16,0.430548
avoid_gluten,1,0.824511
your_gag_reflex,15,0.382954
iv,11,0.645791
lacroix,3,0.706081
something_carbonate,3,0.689149
raw_vegetable,3,0.841153
believe_doctor_bastian,2,0.783137
rice,3,0.840550
annoyed,8,0.468503
landmark,1,0.709962
your_lung,13,0.705779
breathe_technique,15,0.809816
atlanta,12,0.914969
esophageal_damage,1,0.844623
watermelon,3,0.677512
digestion,0,0.416449
dilation,13,0.458173
emory,12,0.903908
couch,5,0.774462
lidocaine,11,0.651327
optimistic,8,0.592392
ues_and_les,13,0.508903
cause_by_r_cpd,0,0.933991
overjoy,8,0.710499
ms_hicklin,2,0.830405
mechanical,0,0.770517
day_7,6,0.835057
creamer,3,0.735049
2_4,6,0.606025
excite,8,0.731380
chiropractic,7,0.732613
every_morning,10,0.527369
update,6,0.455283
tight,13,0.657732
bronchitis,6,0.366772
silent_reflux,0,0.630044
unique,0,0.546271
blister,1,0.706779
extreme_gassy,1,0.692763
agony,9,0.690891
er,14,0.516820
two_or_three,6,0.538627
dull,9,0.538348
fodmap_diet,10,0.692379
autoimmune_disorder,1,0.824841
funny_noise,1,0.633095
adrenaline,9,0.468602
traumatic,4,0.631016
sibo_h_pylori,1,0.702894
fees,12,0.880334
satan,1,0.688860
cancer,0,0.785864
stretch_out,13,0.859799
your_insurance_company,12,0.815177
since_birth,4,0.671463
gaviscon,10,0.888127
microburp,6,0.618714
post_botox,6,0.663412
self_pay,12,0.889514
abdominal_muscle,5,0.724063
this_sub,7,0.625187
mr,12,0.866239
less_traumatic,4,0.546469
stomach_pain,9,0.856124
map_of_specialist,7,0.841714
pilates,15,0.598084
portion_size,3,0.614537
karagama,12,0.844954
dietary_change,10,0.417851
breathe_tube,11,0.865864
potassium,1,0.805222
upper,13,0.821399
barium_study,14,0.648754
depression_anxiety,1,0.811394
diagnose,0,0.645563
yoga_pose,5,0.632139
vague_nauseous,1,0.687236
sibo_test,14,0.761648
treat_dysphagia,7,0.554211
insane,9,0.642893
approval,12,0.861939
policy,12,0.897751
bubble_stuck,1,0.639441
inhalation,1,0.645481
angry,8,0.478476
hypertrophy,1,0.707643
vocal_cord,13,0.620733
potential_cause,0,0.806104
hyper_mobile,7,0.609032
huge_belly,1,0.542616
aw,8,0.838895
alleviate,9,0.420914
cricopharyngeal,13,0.637307
academic,7,0.817885
4_month,6,0.732394
tomato_base,3,0.880834
ew,16,0.652656
aversion,4,0.538419
become_unbearable,4,0.495493
swallow,11,0.323691
hyperemesis,4,0.756751
another_dose,2,0.684141
horrific,9,0.684938
concern,11,0.230365
doctor_mortensen,12,0.766719
make_themselves,16,0.475110
supraglottic,1,0.876858
blue_shield,12,0.907579
extreme_sensitive,1,0.702216
fizzy_water,3,0.506832
settle_down,6,0.614274
fermentable,3,0.557869
chronic_pain,0,0.607409
dreadful,8,0.494075
rcpd,0,0.600230
lower_abdomen,9,0.686481
stomach_bug,4,0.688695
very_thin,11,0.329230
cp_muscle,13,0.729038
dry_cough,11,0.612394
bout,9,0.796652
acid_reflex,1,0.770192
squishy,1,0.623655
ohsu,12,0.870986
milestone,6,0.682938
find_this_subreddit,8,0.635474
bed,5,0.721393
deny_coverage,12,0.877759
acupuncturist,7,0.457737
acknowledge,7,0.646981
bacterial_infection,1,0.831763
excessive_belch,1,0.851938
awesome_news,1,0.888568
study,7,0.761340
excessive_flatulence,9,0.691342
sample,14,0.663624
concern_about,11,0.327501
muscle_mass,1,0.758232
doctor_mark_rafferty,1,0.937990
our_condition,7,0.746920
clonazepam,1,0.796051
diagnostic,14,0.746588
round_two,2,0.735777
incredible_pain,9,0.508818
suppress_them,16,0.498386
overly_tight,13,0.632692
close_friend,8,0.535503
quality_of_life,4,0.428214
neck_posture,15,0.728437
mid_30s,4,0.680032
urge,16,0.683731
print,7,0.746121
drink_anything_carbonate,3,0.587251
utter,8,0.548360
mint_tea,3,0.632042
something,16,0.212685
biofeedback,15,0.632087
zero_control,1,0.616582
each_night,3,0.485555
abdominal_bloat,9,0.591277
air_bubble,16,0.545050
too_scared,4,0.423376
wheat,3,0.757670
head_tilt,5,0.726802
reddit_group,7,0.773880
their_20s,4,0.619310
seltzer_water,3,0.608902
upper_back,5,0.664101
stool,13,0.514951
breathe,5,0.418870
ileus,0,0.687235
tampa,12,0.896992
sibo,0,0.812357
happy,8,0.723814
your_body,15,0.400976
office_visit,12,0.860272
eliminate_dairy,1,0.833014
delight,8,0.756280
receptionist,12,0.718973
schedule,12,0.555859
sickness,9,0.732322
ibuprofen,10,0.636476
incident,4,0.559535
trigger_by,9,0.526633
bubbly_water,3,0.742936
social,4,0.517862
every_night,9,0.554066
vocal_therapy,1,0.880800
treat_r_cpd,7,0.797750
high_fat,3,0.808338
dry_food,3,0.732895
co2,3,0.410943
drip,11,0.696449
stomach_rumble,16,0.598241
throw_up_unless,1,0.626536
your_larynx,5,0.661573
tech_neck,1,0.816624
choke,11,0.455129
image,13,0.527836
my_r_cpd,0,0.636921
gluten_free,3,0.656203
take_antacid,10,0.704493
tears_of_joy,1,0.883004
ibs_symptom,0,0.574685
super_uncomfortable,9,0.644239
vagus_nerve_be,1,0.850234
general_anesthetic,2,0.744398
trouble,3,0.284331
anesthesiologist_come,12,0.719841
intolerance,0,0.567495
nhs,7,0.531685
natural,15,0.517828
wake_up_in_recovery,11,0.552017
carbohydrate,3,0.741514
gosh,8,0.771995
ent_department,12,0.812648
inhale,16,0.613221
another_round,2,0.681542
official_diagnose_with_r_cpd,1,0.784088
united_healthcare,12,0.886059
chest,5,0.633617
stomachache,9,0.579636
florida,12,0.869110
much_worse,9,0.626858
pill_stuck,11,0.531977
disappoint,8,0.610541
forward_head,15,0.502945
breast_bone,1,0.761157
malaise,1,0.883821
funding,12,0.802360
back_to_normal,6,0.636968
whisper,11,0.516649
clench,5,0.713858
thyroid,14,0.692508
medical_issue,0,0.574417
demonic_sound,1,0.724933
upper_esophageal_sphincter,13,0.837821
engage,15,0.788341
medical_history,12,0.721300
globus,0,0.551723
uncontrollable_burp,6,0.638725
misinformation,7,0.625260
sinus_issue,0,0.453817
treatable_condition,1,0.877035
my_head,5,0.597393
125_unit,2,0.785028
gin_and_tonic,3,0.821742
blurry,1,0.736383
tagamet,1,0.788187
low_stomach_acid,0,0.817439
embarrass,16,0.644460
ent_center,1,0.909822
holy_shit,8,0.659106
sit_up_straight,5,0.896418
chi,1,0.662394
practice,15,0.629401
diet,10,0.556780
banana,3,0.842241
bout_of_food_poison,1,0.817619
consultation,12,0.799912
third,2,0.691730
two_dose,2,0.786539
abdominal,13,0.748688
afab,1,0.848320
blessing,8,0.673607
motility_test,14,0.804660
hard_to_describe,16,0.490666
somatic,1,0.680971
chronic_reflux,0,0.536638
excess_gas,13,0.553452
gah,1,0.947818
insurance_coverage,12,0.862930
after_eat,9,0.553295
emet,4,0.819456
pressurize,13,0.739921
whole_life,4,0.686964
train_myself,16,0.553302
some_relief,8,0.263124
appeal,12,0.913677
elimination_diet,10,0.606594
projectile_vomit,16,0.573039
empty,16,0.425744
look_pregnant,9,0.777372
seltzer,3,0.749497
meet,12,0.701872
lose_weight,4,0.424700
less_frequently,6,0.640406
pectoral,1,0.799201
similar_to_mine,8,0.696606
compromise,13,0.725937
80u,2,0.855801
decrease,9,0.549608
large_dose,2,0.762473
mcas,0,0.797251
gas_x,10,0.790072
neurological_issue,0,0.790500
bend,5,0.918447
subject,7,0.826823
most_of_us,4,0.735378
pelvic_floor,13,0.712199
emetophobe,4,0.605766
my_lung,13,0.621369
sugar_and_carbohydrate,1,0.878263
large_belch,1,0.528686
gas_in_colon,13,0.465702
noise,16,0.692803
break_down,3,0.445960
cannot_wait,8,0.758271
research_paper,7,0.828954
small_intestine,13,0.634747
burn_sensation,9,0.505249
head_and_torso_elevate,3,0.481662
health_insurance,12,0.832310
vain,1,0.830552
initial_deny,12,0.873565
hh,0,0.823144
your_gut,13,0.606606
remedy,10,0.658662
few_sip,3,0.729514
comorbid_condition,1,0.927718
overeat,3,0.607193
eat_small_portion,3,0.788984
therapist,7,0.500994
fast,3,0.543976
scope,11,0.658294
gut_health,0,0.578328
vocal_fold,5,0.407613
transition,6,0.596729
fear_of_choke,4,0.513446
meeting,12,0.532678
instance,4,0.260520
protein_shake,3,0.887600
pharynx,13,0.727666
r_cpd_but,0,0.743381
beer,3,0.633734
bastian_article,7,0.741393
primary_care_physician,7,0.697986
sticky_pad,11,0.454095
inject_into,13,0.575912
vocal,13,0.358964
familiar_with_rcpd,7,0.783141
golf_ball,11,0.546980
chiropractor,15,0.548249
spray,11,0.694971
big_dose,2,0.782399
alone,8,0.461908
gluten_sensitivity,1,0.870032
party,3,0.548140
wonder_if_there,0,0.630209
intensity,6,0.385144
horrendous,9,0.647442
larynx_lower_exercise,15,0.822070
new_patient,12,0.862934
massage,5,0.704875
newbie,8,0.685227
homeopathic,1,0.852090
under_local_anesthesia,2,0.831135
muffle,16,0.491976
very_sensitive,16,0.330118
shortness_of_breath_etc,1,0.889099
eat,3,0.590021
vary_level,1,0.768719
very_pleasant,12,0.593167
doctor_verma,12,0.872000
incline,5,0.504867
2_3x,1,0.648183
attack,9,0.677631
dysport,2,0.670226
wind,9,0.548867
perplex,8,0.677223
hospital_fees,12,0.862061
r_cpd_doctor,12,0.829774
supragastric,1,0.646212
build_up,16,0.532907
muscle_tension_dysphonia,14,0.637739
contribute,0,0.721222
confront,8,0.588569
h2_blocker_like,1,0.755906
hiatal_hernia_be,0,0.827548
abdominal_pain,9,0.881603
2_3,6,0.601317
arthritis,1,0.749743
photo,14,0.435431
exercise,15,0.645320
noburp_org,7,0.816774
agoraphobic,1,0.786660
wait_room,12,0.648041
r_cpd_specialist,7,0.802611
50,2,0.705847
lifelong_r_cpd,1,0.712242
recovery_period,2,0.574446
fatigue,9,0.627007
pose_in_yoga,1,0.618829
escape,16,0.596516
oh_god,8,0.701775
social_setting,9,0.519314
hot_soup,3,0.750312
violent,16,0.759919
social_occasion,4,0.497951
tiny_bite,3,0.604733
without_ga,12,0.805518
ribcage,5,0.776768
activate,13,0.624362
elective,1,0.937419
lead_to_sibo,1,0.665704
surgeon,12,0.658059
dissolvable,10,0.642559
high_fibre,3,0.719161
complete_flat,5,0.446011
3_month,6,0.632307
85_unit,2,0.830225
itch,11,0.567222
esophageal_dilation,2,0.762272
experiment_with_posture,15,0.799771
teach_myself_how,15,0.496943
shortness_of_breath_i,9,0.631605
unmanageable,1,0.653902
chug_water,3,0.600525
neck,5,0.672364
dizzy,11,0.658071
super_gassy,9,0.557482
physical_therapist,7,0.681049
mucous,11,0.456879
skip_meal,3,0.528571
anesthetic,11,0.663998
possibility,0,0.485076
diarrhea,9,0.814138
under_general_anesthesia,2,0.800587
while_stand,5,0.829281
overcome,4,0.540931
pay_out_of_pocket,12,0.836854
wa,12,0.878421
extreme_pain,9,0.791962
malfunction,13,0.825676
relief,16,0.313216
inopportune,1,0.872486
adams_apple,5,0.789339
yoga_stretch,15,0.500531
anxious_about,11,0.346396
peppermint_tea,3,0.745044
bloat_flatulence,9,0.547561
gas_cramp,9,0.597659
60_unit,2,0.884667
side_stitch,9,0.503497
sideways,5,0.871768
crohn,0,0.818347
burst_of_air,16,0.494745
knowledge,7,0.763049
cure_r_cpd,7,0.593632
literature,7,0.817700
actual_vomit,16,0.548856
your_shoulder,5,0.882051
pancreas,13,0.418840
muscle_weakness,1,0.729211
inability_to_vomit,4,0.722708
little_scratch,11,0.645741
soup_smoothie,3,0.853578
quarantine,1,0.557847
cafeteria,1,0.879948
awesome_to_hear,8,0.843848
intestine,13,0.654144
something_fizzy,3,0.644382
wonder,4,0.206197
psychologist,7,0.474070
200_unit,2,0.933649
drink_carbonation,3,0.513288
muscle,13,0.611549
every_bite,3,0.664066
mucus_production,1,0.678544
gi_doctor,14,0.824710
bacteria_overgrowth,1,0.727334
croak_noise,9,0.574082
refine_carbohydrate,1,0.792424
dismissive,7,0.656722
laryngeal,13,0.563208
treat_swallow_disorder,7,0.775728
adams_apple_area,5,0.454723
contribute_to_develop,1,0.663067
insurance_cover,12,0.822720
carbonate_alcoholic,3,0.702090
sound_terrible,8,0.673339
make_fun,16,0.549057
train_themselves,15,0.597964
ooo,1,0.810242
odor,3,0.528150
seek_out,7,0.744305
slow_swallow,6,0.585960
heaviness,1,0.580559
ues_open,15,0.636935
side_neck,15,0.698855
pre_op_test,12,0.741763
healthy_weight,4,0.371799
mild_form,1,0.760853
throw_up_instead,16,0.527222
sensitive_gag_reflex,4,0.484146
big_fear,8,0.421029
episodic,1,0.903402
yack,1,0.759063
diagnostic_test,14,0.810529
wear_maternity,1,0.816525
soup,3,0.779076
very_relatable,1,0.846393
chronic_illness,4,0.591983
reddit_thread,7,0.759851
loud_stomach_rumble,1,0.856163
exposure_therapy,4,0.560115
faq,7,0.889462
crunch,5,0.878413
torso,5,0.824223
lactose_intolerant,3,0.683598
automatic,16,0.464526
continue,15,0.495247
runny_nose,9,0.603727
increase,0,0.378306
collar,5,0.623049
bay_area,12,0.898921
nose_and_down,11,0.725545
noburper,4,0.632614
24_hour_ph_test,14,0.587484
fry_food,3,0.862985
cortisol,0,0.456933
ent_who,14,0.727648
good_to_hear,8,0.800615
small_mouthful,3,0.733072
very_small,6,0.609403
local_anesthesia,2,0.724957
stool_test,14,0.893934
physical_and_emotional,8,0.737894
personal_theory,4,0.623054
self_massage,15,0.698652
vyvanse,10,0.601048
manometry_test,14,0.924040
shaky,11,0.577434
follow_up,12,0.585588
los_angeles,12,0.899431
solid_food,3,0.600792
very_uncomfortable,9,0.648446
gaviscon_advance,10,0.731915
r_cpd_cause,0,0.848715
really_pleased,1,0.833391
awh,1,0.846993
unleash,16,0.568584
pressure_build,5,0.471160
pantoprazole_40mg,1,0.895897
loss_of_appetite,9,0.588737
head_elevate,10,0.340655
method,15,0.701672
learn_behavior,0,0.485147
stumble,8,0.651469
condition,0,0.522786
control_them,16,0.488517
loud_gurgle_noise,9,0.639968
thick_saliva,9,0.631158
gag_and_dry_heave,16,0.526865
development,0,0.858223
immune_system,0,0.553209
take_zofran,4,0.448715
go_through,8,0.351926
temperature,3,0.419618
lot_of_phlegm,11,0.683327
step_towards,1,0.800966
nauseous,9,0.650409
circular,13,0.607823
google_search,7,0.724799
freak_out,16,0.401274
puke,16,0.699063
reddit,7,0.670723
mint,3,0.653257
self_conscious,16,0.407993
friendly,12,0.633574
different_technique,15,0.798335
toot,16,0.447838
defective,1,0.776962
bedridden,1,0.719793
cut_out_dairy,10,0.690280
official_diagnose,7,0.619199
hypermobility,0,0.748549
cruciferous_vegetable,3,0.810782
retrograde_cricopharyngeal,1,0.670501
fizz,3,0.738730
biopsy,14,0.789715
liquid_baby_advil,1,0.819617
iron_supplement,10,0.666977
relapse,4,0.452310
chew_thorough,3,0.716087
big_difference,3,0.248910
your_digestive_tract,13,0.396919
trouble_breathe,9,0.631036
operation,12,0.648425
investigate,14,0.719319
sjogren,1,0.899825
progress,6,0.583893
sideways_shaker,15,0.847003
crush,3,0.592600
spinal,13,0.590010
deflate,5,0.563030
wreak_havoc,1,0.845209
receptor,13,0.646309
vinegar,3,0.842680
examination,14,0.864069
water_nearby,3,0.687407
lactose_free,3,0.875215
under_ga,2,0.881680
your_r_cpd,0,0.663797
shaker_exercise_cricoid_massage,15,0.793465
vom,16,0.599316
swallow_saliva,16,0.358948
spray_lidocaine,1,0.796602
inhale_deep,16,0.524758
cricoid,13,0.701647
cricopharyngeus,13,0.770329
healthy,3,0.485765
extreme_uncomfortable,9,0.618839
super_quick,12,0.656592
regurgitate_food,3,0.482535
frog,16,0.626755
70_unit,2,0.863810
carbonate_water,3,0.701500
so_your_mileage,1,0.845679
micro_burp,6,0.656315
bubble_wrap,1,0.800454
anecdotal_evidence,7,0.746811
carbonate,3,0.808997
lump,11,0.643886
frog_sound,16,0.733505
this_condition,4,0.487834
ruin,4,0.505580
chronic_constipation,0,0.724901
neurological_function,13,0.482187
look_at_your_toe,1,0.685985
dairy_intolerance,1,0.660289
calm_myself,1,0.439260
barotrauma,0,0.390726
uncomfortable,9,0.559817
episode,9,0.641890
stomach_acid_production,1,0.729071
daily_nausea,4,0.619720
under_anaesthesia,2,0.787518
food_intolerance,0,0.732638
delicate,15,0.438299
your_nostril,11,0.595844
take_gas_x,10,0.671337
vomit,16,0.525826
lower_dose,2,0.844974
stomach,9,0.482440
independent,7,0.800306
lifestyle,10,0.510113
would_love,8,0.596510
controllable,16,0.519281
vocal_range,1,0.701708
truly_life_change,1,0.698048
micro,6,0.682181
breakfast,3,0.792370
fundoplication,0,0.673541
less_intense,6,0.702657
24_hour_post_op,1,0.779919
intubate,11,0.695308
cover_by,12,0.838251
fullness,9,0.821664
choke_sensation,11,0.486467
tiktok,7,0.695327
mental_health,0,0.648257
swig_of_water,3,0.505071
my_pcp,14,0.785820
less_severe,4,0.534825
impress,8,0.680319
neuromuscular,13,0.560297
disgust,16,0.759547
fellow_emetophobe,8,0.695122
weird_sensation,11,0.601223
r_cpd_which,7,0.663165
sedative,11,0.484329
three_week_ago,2,0.741805
so_grateful,8,0.866484
out_of_nowhere,16,0.525999
understand_why,4,0.455109
bleb,1,0.881707
anti_anxiety_med,1,0.813376
nose_spray,11,0.541337
radiology,1,0.719680
rise,13,0.641459
under_general_anesthetic,2,0.817664
twenties,4,0.684183
colon,13,0.759463
rheumatologist,1,0.761371
put_under,2,0.653745
hungry,9,0.553808
ohio,12,0.890962
abdomino_phrenic,0,0.706433
seek_treatment,7,0.752449
severe_case,4,0.572941
bowel,13,0.631395
struggle_to_breathe,9,0.645929
gi,14,0.744339
difficulty_swallow,6,0.379286
share,7,0.562128
teach_myself,15,0.610573
severe_bloat,9,0.869859
weird_af,1,0.908716
teach_themselves,15,0.611299
immediate_relief,16,0.444655
endure,4,0.534227
sporadic,6,0.529305
bothersome,9,0.547721
significant_worse,9,0.589670
spasm,13,0.648860
sparkle_water,3,0.686597
his_paper,7,0.777052
midwest_surgery_center,12,0.744988
neck_strengthen,15,0.813356
worry_about,11,0.341543
birth_control_pill,10,0.540262
hypertensive,1,0.581204
voice_center,12,0.899355
light_head,11,0.635850
excessive_bloat,9,0.761414
appointment_with_my_pcp,1,0.701701
pseudoscience,7,0.697537
no_anesthetic,2,0.647718
knot,13,0.546468
specialist_who,7,0.755841
rubbish,8,0.781225
bupa,12,0.862062
13_month,6,0.541306
r_cpd_its,7,0.709552
monster,16,0.789443
cringe,8,0.565239
chug,3,0.692357
super_rare,4,0.409191
hopeless,8,0.555753
slightly_relieve,16,0.587757
throw_up,16,0.574460
upper_sphincter,13,0.787219
they_spray,11,0.816404
stay_vertical,3,0.497683
3_month_mark,6,0.674219
appointment_with_doctor_bastian,12,0.618494
prescription_drug,1,0.903018
grief,1,0.594815
minimize,3,0.493125
little_sore,11,0.813082
vocalist,7,0.478658
cbd,15,0.499902
intense_fear,4,0.607233
pain_hiccup,9,0.798329
biliary,1,0.851703
much_less,9,0.534276
chest_xray,1,0.663848
mental_block,4,0.343242
mouth_close,16,0.602809
doctor_odell,12,0.877426
visit,14,0.729189
genetic_component,7,0.534859
my_throat,16,0.406801
r_cpd_do,0,0.741907
botox_treatment,7,0.454451
primary_doctor,14,0.757837
aww,8,0.806336
wash_every_bite,1,0.744131
hang_in_there,6,0.586753
gall_bladder,7,0.558320
45_unit,1,0.779109
treat_achalasia,1,0.664892
texas,12,0.856917
jaw_slightly,15,0.629365
headache,9,0.705530
super_gurgly,1,0.901312
force_them,16,0.485478
wear_baggy_clothes,1,0.830713
referral,14,0.609361
methane_and_hydrogen,1,0.894865
acetaminophen,1,0.789135
mental_state,4,0.612257
gurgly,9,0.709798
eliminate,0,0.509347
super_embarrass,16,0.629404
food_poison,4,0.686928
uncommon,4,0.480217
slide_hiatal_hernia,14,0.493921
fall_asleep,5,0.555752
first_round,2,0.878544
whole_body,5,0.609763
gassy,9,0.619777
gastro_issue,0,0.850170
jealous_of_people_who,1,0.885867
alcohol_caffeine,3,0.772889
movie_theater,1,0.845594
prior_to_botox,0,0.507253
occasional_regurgitation,1,0.551189
core_muscle,15,0.788281
smoker,4,0.486149
grunt,16,0.514471
young_age,4,0.734111
constrict,13,0.709314
lock_up,13,0.401516
muscle_memory,15,0.587304
widen,13,0.629038
my_30s,4,0.689981
swallow_test,14,0.837895
office_procedure,2,0.821030
bubbly,3,0.709363
ph_test,14,0.779776
abnormal,13,0.658015
relationship_with_food,1,0.692920
self_diagnose,7,0.790714
r_cpd_without,1,0.949096
awake,11,0.677225
stumble_upon_this,8,0.662437
dysphagia,0,0.589411
nicotine,3,0.472278
posture,15,0.695928
hilarious,8,0.587480
ppo,12,0.891102
uncontrollable,16,0.739521
3k,12,0.769917
constipation,0,0.624123
stomach_ulcer,0,0.707403
barf,16,0.737395
eat_disorder,4,0.676770
impede,1,0.485638
discover_this_sub,8,0.579940
noburp_wiki,7,0.833278
oh_gosh,1,0.735066
oat_milk,3,0.839689
around_80,2,0.835961
underlying,0,0.864596
physiotherapy,15,0.740651
nurse,11,0.561195
effect,6,0.329254
malnourish,4,0.508956
midsection,15,0.559318
sound_horrible,8,0.737020
barely_eat,3,0.546344
traumatic_vomit_episode,4,0.616574
iv_fluid,1,0.847006
physical_therapy,15,0.532211
feel_crappy,8,0.677907
snort,1,0.618804
poor_tongue_posture,1,0.763595
comfy,5,0.553887
carbonation,3,0.645016
drink_fizzy,3,0.616954
mri,14,0.868224
dietary,0,0.619616
self_cure,15,0.610972
sacramento,12,0.913663
bit_groggy,1,0.672044
produce_air_inside,10,0.383283
omeprazole,10,0.800708
spit,16,0.483855
diagnosis,14,0.676241
holy_crap,8,0.755696
gastro_specialist,7,0.694547
reintroduce,3,0.699370
bowel_problem,4,0.542035
tif,1,0.645170
very_smooth,12,0.664405
during_meal,3,0.747700
hiccup,16,0.664824
word_of_encouragement,8,0.620552
gastric_empty_test,14,0.778490
emotional,4,0.537999
spasmodic_dysphonia,7,0.606284
gastro,14,0.834616
benzo,10,0.484848
health_anxiety,4,0.687466
entrance,5,0.563334
torture,9,0.607960
conversation,16,0.190688
relate,4,0.566344
receive_100_unit,2,0.819979
sugary_drink,3,0.653399
incredible_nauseous,16,0.439540
almost_everyday,1,0.600643
between_bite,3,0.749445
no_burper,4,0.702232
significant_reduce,9,0.449851
mid_20s,4,0.657884
round_3,2,0.802662
hashimoto,0,0.754297
tell,14,0.257458
5_10,6,0.604167
ranitidine,1,0.654618
relax,15,0.476251
blow_up,16,0.453376
correlation_between_r_cpd,1,0.796999
unnatural,5,0.524044
low_iron,1,0.759359
50u_in_office,1,0.807549
methane,13,0.561563
videoendoscopy,12,0.746819
antireflux,1,0.787766
jaw,5,0.750075
onion_garlic,3,0.850779
horizontal,5,0.742326
5_month,6,0.744090
come_natural,15,0.616418
personal_story,1,0.790655
disrupt,4,0.441943
neck_position,15,0.790186
left_or_right,5,0.757212
trachea,13,0.839056
high_five,8,0.774134
exam_room,1,0.773299
liquid_child,1,0.859245
horrible,9,0.715089
ppis,10,0.730002
negative_side_effect,6,0.373614
breath_test,14,0.840968
force,16,0.662724
gastro_doctor,14,0.841677
medical_condition,7,0.631764
palpate,1,0.861715
anxiety_induce,4,0.614422
depression_and_anxiety,1,0.656370
les,13,0.786726
cure_yourself,8,0.579174
every_meal,3,0.471678
less,9,0.277099
big_breath,5,0.396246
chronic_nausea,0,0.704511
speculate,0,0.749186
difficult,11,0.160348
research_into,7,0.635702
under_your_chin,15,0.680789
cardiologist,14,0.688239
michigan,12,0.844276
nutritionist,10,0.614038
medical_test,14,0.666467
miserable,9,0.469844
wear_off,6,0.561621
child,4,0.764267
cause_inflammation,0,0.394193
general_anesthesia,2,0.666985
recognition,7,0.733618
so_glad,8,0.819599
h2_blocker,10,0.851100
life_saver,1,0.858691
bcbs_cover,1,0.965593
pre_op,12,0.673012
videoscope,1,0.608546
more_comfortable,16,0.160078
high_deductible,12,0.804178
peristaltic_motion,13,0.611565
happy_to_hear,8,0.836970
paper,7,0.750603
freaky,8,0.564218
specialist_near,7,0.826982
upper_tooth,1,0.813450
inability_to_burp,0,0.742804
drink_beer,3,0.662396
more_sensitive,16,0.348315
3_or_4,6,0.600554
so_happy,8,0.854916
medicaid_cover,1,0.904669
dry_heave_retch,4,0.611516
colonoscopy_endoscopy,14,0.779026
common_symptom,0,0.735707
unlucky,2,0.359428
anti_depressant,10,0.616641
progress_worse,4,0.433613
leg_up,5,0.779139
myself_include,4,0.600610
rely,15,0.627797
counsel,1,0.865935
traumatic_event,1,0.755288
sub,7,0.642914
surgeon_office,1,0.651444
onion,3,0.832016
involuntary_micro,1,0.741134
dance,3,0.702668
school,4,0.365418
ibs,0,0.738953
cpd,7,0.697808
mental_stress,1,0.830242
stinky,16,0.444950
anatomy,13,0.682364
my_shoulder_blade,5,0.640128
explosive_fart,1,0.867982
diaphragmatic_breathe,15,0.798441
bend_down,5,0.697841
much_sense,8,0.269059
nausea,9,0.780021
outpatient_surgery_center,1,0.763955
drastic_reduce,9,0.465820
6_month_pregnant,9,0.470921
stumble_upon,7,0.670093
big_concern,8,0.527874
gas_rise,5,0.631576
seasonal_allergy,1,0.609721
rib,5,0.687169
large_pill,3,0.428458
high_school,4,0.570177
movement,15,0.633234
yale,7,0.797322
health_problem,0,0.514313
excess_saliva,9,0.561288
partial_cricopharyngeal_myotomy,1,0.742117
convince,7,0.482063
pre_botox,9,0.602100
recreational,1,0.878247
my_deductible,12,0.730587
gulp,3,0.566829
anonymous,7,0.733986
verify,12,0.833373
hot_shower,10,0.526593
convince_them,7,0.593887
r_cpd_related,0,0.549524
choke_episode,1,0.606522
uncontrolled_belch,1,0.717708
digestive_enzyme,10,0.834846
swallow_and_sniff,11,0.637943
leave_early,9,0.549729
ginger_tea,10,0.739242
scientific_reason,7,0.685323
acupuncture,15,0.589163
teen,4,0.757886
less_gassy,3,0.497155
initial_appointment,12,0.879162
special_event,1,0.867673
stool_sample,14,0.810524
loudness,1,0.809851
betaine_hcl,10,0.680086
weight,4,0.278272
larynx,13,0.753431
stuffy_nose,11,0.505111
first_attempt,2,0.859558
kneel,5,0.609966
take_small_bite,3,0.739387
upper_gi_endoscopy,14,0.884351
ent_referral,14,0.756048
avoid_carbonate_beverage,3,0.725314
day_8,6,0.822973
positive,8,0.603941
lie_down,9,0.505597
neck_forward,5,0.883393
exam,14,0.581917
pelvis,13,0.759857
specialist,14,0.621252
unfortunate,4,0.600725
muscle_relaxation,1,0.579910
allergic_reaction,11,0.509297
antacid,10,0.863009
diagnose_r_cpd,14,0.811140
familiar_with_r_cpd,7,0.803307
induce_vomit,16,0.516738
age_23,4,0.489610
soar_throat,1,0.705267
alternative_medicine,1,0.782919
creatine,1,0.767013
hyperventilate,16,0.497871
own_wedding,1,0.608902
queasy,9,0.436526
frustrate,8,0.457642
gas,9,0.389423
severity,0,0.523754
hypochondria,4,0.750306
excessive_air,0,0.356247
infant,4,0.712574
bittersweet,1,0.917052
recovery_room,11,0.632942
two_round,2,0.888860
useful_information,7,0.674502
contraction,13,0.824985
heart_burn,9,0.608030
less_scary,1,0.645726
denial,12,0.904000
insert_into,11,0.630931
past_month,6,0.482110
socialize,3,0.549647
sick_and_tired,8,0.640270
portland,12,0.889450
private_health_insurance,12,0.881828
edema,1,0.632608
taste,16,0.587609
wonderful,8,0.848740
swig,3,0.550120
dysphasia,7,0.651944
feat,1,0.969409
super_easy,11,0.686107
stomach_acid,13,0.443289
collar_bone,5,0.733651
develop_emetophobia,4,0.806467
150_unit,2,0.934684
barrett_esophagus_which,1,0.771175
use_75,2,0.846288
facility,12,0.892799
asphyxiation,1,0.878646
birth_control,10,0.572505
bring_myself,16,0.393728
x_ray,14,0.715321
r_cpd_if,7,0.730354
unpleasant,16,0.425866
food_elimination,10,0.614015
beano,10,0.785456
exacerbate_by,0,0.859107
squish,5,0.757362
r_cpd_tend,1,0.892095
chin_down,5,0.883603
cruel,1,0.682463
virtual_appointment,12,0.848035
lifestyle_change,10,0.561191
desk,5,0.732971
conquer,8,0.729285
nuisance,8,0.703727
dysphagia_trouble,1,0.551938
my_torso,5,0.873244
good_sign,6,0.676778
cover_by_insurance,12,0.835115
search_this_sub,7,0.745871
xray,14,0.715492
instant_relief,16,0.564314
humor,8,0.587158
extra_air,3,0.305537
gas_bubble,5,0.547727
dragon,16,0.398350
paralyze,13,0.718347
external_injection,2,0.751419
persevere,8,0.623115
congestion,11,0.517583
increase_in_frequency,1,0.768151
lounge,5,0.516362
mess_up,11,0.299599
gi_issue,0,0.739267
non_fizzy,3,0.722059
chronic_acid_reflux,0,0.599678
upper_esophagus,13,0.814092
brunch,1,0.613005
ginger,3,0.721167
great_to_hear,8,0.805982
your_shoulder_blade,5,0.832521
latte,3,0.771981
outcome,2,0.622721
gerd_lpr,0,0.714911
camera,11,0.677761
nose_scope,11,0.646912
r_cpd_just,1,0.743250
activate_charcoal,10,0.791496
hmo,12,0.791550
recovery,6,0.471582
ten,6,0.488655
excessive_fart,9,0.675170
succinylcholine,1,0.768659
pizza,3,0.849877
initial_consult,12,0.864112
albuterol_inhaler,1,0.817308
access_treatment,7,0.661987
nasal_endoscopy,14,0.680569
upper_esophageal,13,0.579937
pepcid_ac,10,0.738878
vocal_control,1,0.800708
wow,8,0.796110
information,7,0.736574
create_space,1,0.822523
organ_distortion,9,0.482471
tend_to_worsen_with_age,1,0.644940
each_mouthful,3,0.629442
association,4,0.546807
practice_with_fizzy,3,0.629310
fill_up,16,0.370311
second_dose,2,0.782870
hahaha,8,0.650652
medical_paper,7,0.771976
profound_side_effect,1,0.654371
devastate,8,0.738063
testimonial,7,0.781690
who_specialize,7,0.761154
dry_retch,1,0.754234
medical_intervention,8,0.389042
gag_myself,16,0.701554
tonsillitis,11,0.548432
mild_nauseous,1,0.600972
norovirus,4,0.641776
drink,3,0.611615
vital,14,0.415007
raise_awareness,7,0.819461
gag,16,0.616515
primary_care_provider,12,0.715034
mouthful_of_food,3,0.595955
sneeze,16,0.713365
problem,0,0.394402
improvement,6,0.519184
control,16,0.404435
second_opinion,14,0.711901
bad_breath,9,0.700312
recliner,5,0.542527
quake,1,0.859378
manometry,14,0.805538
cash_pay,12,0.892027
liquid_gaviscon,10,0.799702
lower_esophagus,13,0.835652
nightmare,4,0.621902
big_gulp,3,0.613720
bravery,1,0.883191
conduct,7,0.794762
southern_california,12,0.896039
explain,7,0.319149
recent_discover,7,0.664220
awkward,16,0.608508
gastrointestinal_issue,0,0.761135
rule_out_any,14,0.810336
horrible_hypersalivation,1,0.819964
lunch,3,0.711948
bacterial_overgrowth,1,0.530791
push,5,0.527699
micro_burp_today,6,0.664206
buildup,9,0.618993
buildup_of_gas,16,0.473484
your_knee,5,0.822797
experiment,15,0.615503
grateful,8,0.834464
pharyngoscopy,1,0.902076
pandemic,12,0.569546
acid,13,0.274260
second_attempt,2,0.853319
pressure,13,0.535258
usa,12,0.900113
go_private,12,0.767898
thank_you_r/noburp,1,0.957145
aerophagia,0,0.685956
exaggerate,16,0.467839
imbalance,0,0.700297
7_month_pregnant,8,0.401952
almost_cry,8,0.607729
anguish,1,0.918002
less_nauseous,9,0.380666
childhood,4,0.788709
straight_shoulder,5,0.561957
eek,1,0.893733
intense,9,0.813977
emetophobia,4,0.673034
smoothie,3,0.819758
trap_gas,9,0.664830
borborygmus,1,0.939239
fart,16,0.502741
avoid_carbonate,3,0.681317
violent_cough,16,0.546517
bloatedness,9,0.673177
stretch,5,0.653241
single_hiccup,16,0.660963
non_carbonate,3,0.808091
hiatal,7,0.715245
inversion,5,0.493267
upper_range,1,0.667564
disregard,7,0.816531
noburp,0,0.704564
supragastric_burp,16,0.376890
open_up,13,0.640307
shaker_exercise,15,0.663147
your_vocal_cord,13,0.603008
fear_of_throw_up,4,0.782912
lay_down_flat,9,0.427506
slip_out,16,0.705935
rule_out_other,14,0.713247
natural_bodily_function,1,0.744022
lpr_reflux,0,0.796665
anxiety_depression,0,0.569655
health_risk,1,0.717315
advil,10,0.631950
find_this_community,8,0.746047
infancy,4,0.711653
excessive_salivation,9,0.611515
recognize_condition,7,0.734202
sedation,11,0.640432
incredible_validate,1,0.874196
swell,11,0.750084
hyper_mobility,0,0.695641
ocd,4,0.781792
heavy_meal,3,0.663635
vocal_tension,1,0.868909
motion,5,0.690517
gastroenterologist_who,14,0.799730
contort,15,0.627187
extra_strength,10,0.776046
more_pressure_knot,11,0.514393
curve,13,0.648153
laryngeal_dystonia,7,0.448892
4_month_mark,1,0.624285
fund,12,0.830341
130,2,0.558420
neurologist,14,0.816983
burper,4,0.469391
set_off,9,0.543723
unit_of_botox,2,0.912848
relieve,16,0.461699
correlation_between,0,0.682384
social_event,3,0.500541
nearly_cry,1,0.806054
ailment,0,0.626160
wonder_if_anyone,7,0.496117
chest_pressure,9,0.907665
side_to_side,5,0.900849
wind_eze,1,0.722362
sedate,11,0.584805
first_week,6,0.751066
baffle,7,0.663122
double_over,9,0.588881
potential_side_effect,2,0.636449
ct,14,0.753053
shaker_larynx_lower,15,0.793236
cough,16,0.637298
gas_buildup,9,0.668078
negate_affect,8,0.599696
discourage,8,0.489223
toe,5,0.807672
poor_digestion,13,0.244560
dysbiosis,0,0.666946
barium_swallow_test,14,0.910347
feed_up,8,0.503137
acid_taste,11,0.455792
yank,1,0.833468
shaker,15,0.765902
3000,12,0.807619
relationship_between,7,0.553017
gag_dry_heave,9,0.605279
nothing_major,6,0.602422
8_month_pregnant,8,0.463090
temporary_side_effect,2,0.642259
pressure_dynamic,1,0.743553
100_worth,8,0.656598
neurological_condition,1,0.759548
discovery,7,0.773684
fiber,3,0.583074
excessive_saliva,9,0.653458
voice_lesson,1,0.910090
occasional_microburp,8,0.597928
coffee_tea,3,0.804733
loosen_up,15,0.573974
6_month,6,0.584915
esophageal_manometry,14,0.870658
vagus_nerve,13,0.820859
stomach_cramp,9,0.874065
burp_on_command,16,0.522450
6_week_post_op,1,0.766236
tragic,1,0.777736
acid_medication,10,0.742594
antihistamine,10,0.779242
outing,3,0.558315
event,3,0.469923
gag_reflex,16,0.468837
member,7,0.824599
private,12,0.814630
flatulence,9,0.707521
cider,3,0.857918
liquefy,3,0.671556
belly,5,0.631768
cabbage,3,0.823001
dry_fruit,3,0.700900
crackly,1,0.856301
weaken,13,0.820634
chronic_gastritis,0,0.518107
lean_back,5,0.885074
ulcerative_colitis,1,0.733648
air_buildup,9,0.409242
supragastric_belch,0,0.432324
sleepy,11,0.653411
herbal,10,0.777426
nightly,9,0.493576
bread,3,0.801854
nux_vomica,7,0.743230
fetal_position,5,0.552635
tired,11,0.527585
procedure_with_doctor_bastian,12,0.601030
private_health,12,0.856010
bolus_of_food,1,0.492897
something_stuck,11,0.577152
every_other,6,0.375874
cricopharyngeal_myotomy,2,0.813334
staff,12,0.747229
article,7,0.750840
passage,13,0.730468
peppermint_oil,10,0.755919
painkiller,10,0.620853
kinda_scared,8,0.769848
past_two,6,0.497780
experiment_datum,7,0.769589
explode,16,0.700349
advocacy,1,0.795609
medical_mystery,1,0.903163
cut_out,3,0.745413
tummy,9,0.693948
perfect_sense,8,0.464264
workout,5,0.480381
statistic,7,0.668135
constipate,9,0.645012
95,6,0.527075
lonely,8,0.863375
amplify,9,0.596901
psychotherapist,1,0.924745
miss_out,4,0.574021
chin,5,0.877112
abdominal_massage,15,0.693946
weight_loss,3,0.497196
30_unit,2,0.919073
self_diagnose_myself,7,0.650383
negative_effect,6,0.409125
shoulder,5,0.871347
unstoppable,1,0.808710
chance_of_success,2,0.713482
laryngopharyngeal_reflux_lpr,1,0.819021
75,2,0.848946
ambulatory,12,0.725569
anaesthesia,2,0.661146
never_bother,4,0.767874
grease,3,0.760674
permanent_damage,13,0.449631
bizarre,8,0.602172
bubble_of_air,16,0.558194
pediatric,7,0.792620
squeeze,5,0.784669
interest,7,0.472507
fibromyalgia,0,0.759278
onion_and_garlic,3,0.713426
teenager,4,0.760012
cripple,9,0.708642
ssri,10,0.686732
uncommon_with_r_cpd,1,0.828226
tighten_up,13,0.595897
ues,13,0.703422
whew,1,0.916506
silent_fart,8,0.660316
specialty,7,0.710132
anterior,15,0.606046
feel_queasy,1,0.680149
too_loose,13,0.804343
are_not_alone,8,0.854204
arfid,4,0.687195
australian,7,0.771677
arrange,12,0.876526
diaphragm,13,0.807942
spatula,1,0.709119
more_controllable,6,0.657094
treat,7,0.511015
uneventful,1,0.695255
eoe,0,0.800798
rebate,12,0.870544
injure,13,0.465967
approve,12,0.888187
r_cpd_can,0,0.866311
puffy,11,0.381443
hiatal_hernia,0,0.900162
permanent_cure,2,0.721848
intense_pressure,9,0.565491
pelvic_floor_dysfunction,0,0.844438
prop_up,5,0.647752
spicy,3,0.828817
intestinal,0,0.613969
puppy_dog,1,0.885132
dysfunction_and_abdomino_phrenic_dyssynergia,0,0.531435
high_success_rate,2,0.766681
my_mouth,16,0.598194
projectile,16,0.696088
formation,7,0.614865
prescribe,10,0.703789
upset_stomach,9,0.781849
few,6,0.337998
take_digestive_enzyme,1,0.617698
toothbrush_down,11,0.403852
roemheld,7,0.751720
cold_sweat,9,0.473097
oh_boy,8,0.573574
sore_throat,11,0.684407
puff_of_air,16,0.629521
mild_case,4,0.570928
follow_up_appointment,12,0.684794
leak_gut,0,0.573352
my_tongue,5,0.749413
cpt,12,0.778022
pain,9,0.659692
tasteless,1,0.744045
consultant,14,0.705700
stomach_vacuum,15,0.875509
otc,10,0.915656
breathe_exercise,15,0.701602
anorexic,4,0.665844
brisk_walk,3,0.502195
micro_burp_when,6,0.606720
yay,8,0.796858
thick_mucus,1,0.712574
head_position,15,0.719691
neck_exercise,15,0.765993
phobia_of_vomit,4,0.845587
rib_cage,13,0.624471
bean_burrito,3,0.627873
look_forward,8,0.705751
heave_gag,1,0.805893
electromyography,12,0.701259
botulinum_toxin,2,0.657835
train_your_body,15,0.658894
burn,9,0.585205
publish_study,7,0.749735
old,4,0.484021
edge,5,0.800579
cricopharyngeal_bar,1,0.827796
emotion,8,0.566166
operate_room_procedure,2,0.778581
ent,14,0.679206
curl,5,0.854827
yelp,1,0.879009
side_effect,6,0.369841
own_saliva,11,0.387474
protection,1,0.798964
textbook_rcpd,1,0.798876
diarrhoea,9,0.672468
restless,1,0.578369
your_core,15,0.726641
contact,12,0.758499
refer,14,0.678365
dexilant,10,0.779220
overeating,3,0.676902
wash_down,3,0.670936
ibs_c,0,0.636248
red_bull,3,0.698036
increase_in_severity,1,0.776449
breastbone,5,0.580234
contract,13,0.839238
doctor_hu,12,0.761441
nervous_system,13,0.691647
100,2,0.587486
some_soreness,11,0.636253
pretty_sore,11,0.733159
figure_out_how,16,0.537755
voice,11,0.415537
class,16,0.316201
fish_oil_supplement,1,0.826832
spicy_stuff,1,0.791968
120_unit,2,0.697462
vodka,3,0.860149
random,16,0.596593
retrograde_cricopharyngeus_dysfunction_r,7,0.818237
curious,8,0.491975
non_burper,4,0.706436
medicaid,12,0.849734
family_history,7,0.740360
codeine,10,0.637944
this_community,8,0.699338
pretty_severe,4,0.505676
liquid_baby_ibuprofen,10,0.560157
lower_sphincter,13,0.807242
endoscopy,14,0.772294
new_sensation,11,0.406646
acid_reducer,10,0.906619
thank_you_and_good_luck,1,0.951061
disease,0,0.822822
chew_gum,3,0.730138
binge_eat,1,0.834655
small_bite,3,0.717045
regurgitate,16,0.373843
mylanta,10,0.733669
stink,8,0.557518
social_unacceptable,1,0.884427
extreme_rare,7,0.606914
journal_article,7,0.845301
much_better,6,0.375502
sound_scary,8,0.645549
unwell,4,0.573669
multiple_round,2,0.697409
shock,16,0.475650
aetna,12,0.863647
weird_noise,16,0.589790
nasty,16,0.538478
lose_hope,6,0.524497
puff,5,0.578064
gas_production,0,0.460077
life_alter,8,0.713289
extreme_nausea,9,0.695277
1_2,6,0.704713
gi_specialist,14,0.854122
dairy_product,3,0.663097
slender,1,0.810982
strep,11,0.790929
stimulation,13,0.713621
very_interest,7,0.669884
tomato,3,0.835974
induce,16,0.513272
curious_to_hear,8,0.554757
build_up_of_pressure,1,0.478894
medical_necessary,12,0.811758
pathology,0,0.761703
junk_food,3,0.649105
hyper_salivation,9,0.833058
helpful,7,0.399326
help,10,0.411489
negative_experience,7,0.592118
poor_posture,13,0.558267
really_bad,9,0.726167
fee,12,0.848849
overall_health,1,0.666853
multiple_time_throughout,1,0.834481
pantoprazole,10,0.852242
hiatus_hernia,0,0.768959
very_rare,4,0.454830
gastric_bypass,4,0.481095
period_cramp,1,0.870254
terrify,4,0.376638
lower_part,13,0.721499
chair,5,0.919578
intolerant,3,0.577543
pressure_inside,13,0.792042
voluntary,15,0.552467
gastroenterologist,14,0.815235
weird_angle,1,0.698014
3_4,6,0.674112
difficulty_vomit,4,0.626987
severe_side_effect,2,0.585365
christmas_dinner,8,0.630405
loosen,13,0.707443
entire_life,4,0.713628
drink_champagne,1,0.709564
gastrointestinal,0,0.780357
weak_muscle,13,0.625668
50_100_unit,2,0.830098
so_pleased,8,0.773201
focus_on_relax,15,0.495626
gummy,3,0.766896
speech,7,0.466644
sore_throat_go_away,1,0.781965
lymph_node,1,0.495076
essential_paralyze,1,0.782832
inaudible,1,0.629695
smell_bad,4,0.452115
flat_belly,1,0.796860
chest_pain,9,0.858284
internet,7,0.745423
ferment,3,0.581407
face_forward,15,0.667962
motility,0,0.748680
primary_care,12,0.734276
guttural,16,0.562230
stridor,11,0.391353
second_injection,2,0.843940
excruciating,9,0.877548
recognize,7,0.584269
seat,5,0.808746
people_with_r_cpd,0,0.679811
create_gas,3,0.610554
lung,13,0.835975
medical_voice_center,12,0.879964
tighten,13,0.811641
food_intake,3,0.574802
local_anesthetic,2,0.638891
cure_themselves,7,0.577538
manual,15,0.622829
thin_liquid,3,0.646763
burger,3,0.844764
inhaler,10,0.544891
unusual_case,1,0.912427
right_choice,8,0.687320
sip_water,3,0.652505
micro_biome,1,0.696637
full_meal,3,0.719798
seize,13,0.504989
service,12,0.845435
hip_flexor,1,0.616457
wedding,3,0.505581
six_month_pregnant,1,0.795445
shake,5,0.574204
listen,7,0.489191
inflame,13,0.639024
sing_voice,6,0.408014
sphincter,13,0.851415
anemia,4,0.531056
bloat,9,0.710131
r_cpd_treatment,7,0.804466
terrible,9,0.775657
pop,16,0.685910
6_month_mark,6,0.743420
our_esophagus,13,0.854739
stretchy_pants,1,0.823439
chew_chew,1,0.802840
compress,13,0.839064
raw_onion,3,0.828257
endoscopy_colonoscopy,14,0.841814
pre_exist_condition,12,0.730744
temporary_relief,15,0.329860
extreme,9,0.572564
hoarseness,11,0.541367
correlation,0,0.703231
smoke_cigarette,4,0.411450
total_anesthesia,2,0.731233
elate,8,0.837550
acid_reflux_pill,1,0.584084
issue,0,0.414189
your_diaphragm,13,0.794796
laryngopharyngeal_reflux,7,0.647087
this_thread,7,0.730290
thoracic_surgeon,1,0.844992
camera_through,11,0.671760
chronic_cough,0,0.428827
doctor_mchugh,12,0.821597
burst,16,0.609252
ent_clinic,12,0.747156
kaiser_insurance,12,0.834378
warn,11,0.456789
disheartening,8,0.654485
hot_tea,3,0.819562
very_excite,8,0.670660
sour_taste,11,0.626598
breathe_in_deep,16,0.418620
release_air,16,0.722249
heart_palpitation,9,0.726844
my_gosh,8,0.628719
thank_you_for_share,8,0.820894
menstrual_cycle,4,0.588917
unable_to_burp,4,0.728266
trial,14,0.774113
daily_life,4,0.553564
meditation,15,0.702080
proton_pump,10,0.751919
cut_out_coffee,1,0.664546
intubation_tube,1,0.656610
cautious,8,0.235194
suffer_from_r_cpd,4,0.707869
brush_off,7,0.613998
extreme_emetophobia,4,0.727863
drink_sparkle,3,0.668206
vulnerability,1,0.874660
tension,13,0.718852
inflate,13,0.689059
postnasal_drip,11,0.426900
throb,9,0.486232
very_skinny,4,0.448461
600,12,0.777639
suck,16,0.373573
license,12,0.881437
whoosh_sound,1,0.796000
sugar,3,0.777110
hard_to_breathe,9,0.502754
large_intestine,13,0.639369
pneumonia,0,0.319072
number_of_people,7,0.584850
ugh,8,0.616684
demonic,16,0.680258
phobia,4,0.683371
hypothesis,0,0.699627
anxiety_attack,4,0.541257
decision,8,0.373128
acv,1,0.637817
barium_swallow,14,0.854589
only_temporary,2,0.421907
gps,7,0.781061
the_botox_wear,6,0.381798
excess_air,13,0.644943
rennie_deflatine,1,0.756394
high_dosage,2,0.886886
play_sport,4,0.493444
voice_clinic,12,0.840555
smile,16,0.487288
appointment,12,0.558037
slight_discomfort,11,0.754620
social_aspect,1,0.840011
needle_phobia,1,0.615510
extra_saliva,11,0.457663
information_about,7,0.883335
marfan,1,0.801018
head_movement,15,0.766866
trouble_swallow,11,0.446490
ulcer,0,0.739111
air,16,0.481067
insurance_provider,12,0.834370
explosion_of_air,1,0.785582
hiatal_hernia_surgery,2,0.611193
hahahaha,8,0.860629
nhs_referral,12,0.833235
gp_referral,12,0.847366
expulsion,13,0.439107
nsaid,10,0.643581
self_teach,15,0.520813
ent_who_specialize,7,0.678556
teach_your_body,15,0.649857
end_up_pay,12,0.807692
any_complication,2,0.633695
first_injection,2,0.892349
drink_carbonate_beverage,3,0.516535
diagnose_with_gerd,0,0.677728
charcoal_tablet,1,0.845369
pelvic,0,0.604031
bmi,4,0.284663
indescribable,1,0.617940
clinical,7,0.751164
aspirate,11,0.477200
sore,11,0.779994
manometry_ph,1,0.764153
sternum,5,0.724419
super_tired,11,0.472466
blockage,13,0.782773
super_tight,13,0.473920
comfort,8,0.581817
topo,1,0.796420
pneumothorax,1,0.895247
pretty_quiet,16,0.590144
bastian,12,0.782817
crowd,3,0.430109
slouch,5,0.850857
scotland,12,0.844482
a_acid_reducer,10,0.740076
systemic,0,0.608298
90,6,0.540693
another_shot,2,0.638934
micro_burp_but,6,0.595553
prescription_medication,1,0.831579
fantastic,8,0.751340
body_dysmorphia,4,0.578920
3_month_post_op,6,0.741041
defect,7,0.698530
short_of_breath,9,0.722371
this_forum,7,0.804469
small_portion,3,0.808814
doctor_hus,1,0.838290
a_tongue_depressor,15,0.465926
covid,4,0.342657
super_loud,16,0.758833
disoriented,1,0.679957
tachycardia,4,0.379427
meal,3,0.614368
drink_coffee,3,0.592797
disbelief,8,0.725802
micro_burp_start,6,0.860998
gradually_improve,1,0.720285
healing_process,8,0.549609
therapy,0,0.484245
nasal_congestion,1,0.687972
antacid_medication,10,0.567840
diaphragmatic_breathe_exercise,15,0.705869
my_life,4,0.532589
tickle,11,0.680115
permanent,2,0.545807
video_consult,12,0.827438
insertion,11,0.700461
balloon_dilation,2,0.758191
similar_story,7,0.713257
audible,16,0.712392
thank_you_for_check,1,0.933381
flu,9,0.481886
experience,4,0.193164
9_month_pregnant,8,0.367717
pub,3,0.615869
publication,7,0.879929
anxious_person,4,0.542470
level_of_severity,1,0.814442
spectrum,0,0.576759
link_between,0,0.824718
food_allergy,0,0.670773
baclofen,7,0.654977
your_palate,15,0.552281
throat_massage,15,0.853089
underlying_issue,0,0.643345
coax,15,0.546439
clinic,12,0.880887
electrode,11,0.540724
shut_down,4,0.445421
official_recognize,7,0.662943
evaluation,12,0.775346
advice_and_support,8,0.675760
jut_out,5,0.746786
morning,9,0.474684
third_dose,2,0.818410
nutrient_deficiency,1,0.730013
adhd_medication,10,0.662752
doctor_jennifer,12,0.816359
sharp_inhale,1,0.795793
live_with_r_cpd,8,0.707475
50mg,2,0.912552
lower_jaw,5,0.847372
alginate,10,0.724246
able_to_burp_on_command,6,0.424203
three_month_mark,1,0.907362
oh_damn,1,0.911353
small_snack,3,0.763860
plank,5,0.728684
a_x_ray,14,0.665384
recover,6,0.449211
medical_insurance,12,0.874978
chew_very_thorough,1,0.751514
train,15,0.645658
chewable,10,0.845218
next_step,14,0.716440
noisy,16,0.617018
esophageal_sphincter,13,0.826158
interpret,7,0.614950
hyper_salivate,9,0.624360
jab,2,0.667365
gastroperesis,1,0.867021
tobacco,3,0.552500
theory,0,0.711537
subreddit_wiki,7,0.833192
r_cpd_have,0,0.768033
very_curious,7,0.621139
overgrowth,0,0.650977
shortness_of_breath,9,0.772333
bulimia,4,0.616743
entire_community,1,0.795924
speech_therapy,15,0.509624
extreme_anxious,1,0.723993
immense,9,0.601577
19_20,1,0.631889
doctor_pepper,3,0.763031
world_of_difference,8,0.582907
6_week_mark,6,0.668291
adolescent,1,0.752881
sneak_out,16,0.671409
acid_production,10,0.520304
upper_part,13,0.708035
tender,11,0.544057
flexibility,15,0.531370
drug,10,0.725483
absolutely_miserable,9,0.421668
disagreeable,1,0.847389
peak,6,0.809432
absorb,13,0.511209
adverse_side_effect,1,0.741652
no_regret,2,0.643278
carbon_dioxide,3,0.520115
inevitable,3,0.487821
statistic_analysis,1,0.745071
my_gp,14,0.657123
accumulate,13,0.567253
blame,0,0.576765
cope,4,0.367066
disheartened,6,0.617568
very_quick,11,0.576256
goodness,8,0.815228
mouth_shut,16,0.427546
infection,0,0.663423
part,13,0.384198
feel_of_fullness,9,0.726728
anxiety,4,0.412010
postural,15,0.843240
pepcid,10,0.919030
spicy_food,3,0.815922
instrument,13,0.586897
have_r_cpd,0,0.585702
aware,0,0.452373
inflame_esophagus,1,0.738695
motility_disorder,14,0.716994
weight_gain,4,0.492480
administer,2,0.711445
jaw_forward,5,0.769808
make_yourself,16,0.455411
reduction,0,0.481611
digestive_issue,0,0.727942
non_surgical,7,0.720941
ab,5,0.764399
psychiatrist,7,0.647054
glad,8,0.710481
extreme_bloat,9,0.906742
nighttime,9,0.627657
medical_background,8,0.543752
acid_reflux_medication,10,0.819449
hip,5,0.835699
health_issue,0,0.740741
result_of_r_cpd,1,0.652659
refine_sugar,1,0.737589
throw_up_even,4,0.517040
heds,0,0.772983
gluten_free_diet,10,0.511028
little_tired,11,0.678922
underdeveloped,13,0.519213
maybe_once_or_twice,6,0.542973
early_satiety,9,0.722010
almost_every,9,0.549338
grumble,16,0.456883
inability_to_belch,0,0.763482
exorcist,8,0.620253
slight_slow_swallow,6,0.614006
brilliant,8,0.777004
operate_room,12,0.718997
specialize_in_medical_anxiety,1,0.650639
cost_estimate,12,0.888185
calm,5,0.446202
treatment_for_r_cpd,12,0.809429
cricopharyngeal_dysfunction,0,0.636959
wash_down_with_water,1,0.580532
acidity,10,0.481341
pose,5,0.707428
esomeprazole,10,0.798432
downward_dog,5,0.842839
thyroid_issue,0,0.669493
relatable,8,0.646557
dysphagia_difficulty,1,0.480255
reduce_gas,10,0.585058
lab,14,0.812252
doctor_anderson,12,0.818970
building_up,13,0.579438
hope,8,0.375480
congested,11,0.722264
lifetime_no_burper,8,0.775225
palpitation,9,0.673936
wacky,1,0.908973
severe_emetophobia,4,0.827195
startle,16,0.670650
reddit_community,8,0.793932
inhibit,0,0.561069
restrictive,3,0.483096
elevate,5,0.651139
less_anxious,8,0.600067
charcoal,10,0.784546
have_food_poison,4,0.535648
race_heart,1,0.441326
cannot_believe,8,0.767655
speech_pathologist,14,0.711906
almost_every_bite,1,0.587048
dysfunctional_breathe,1,0.763418
medical_literature,7,0.867452
duodenal,14,0.446701
success_treat,7,0.811737
gut,13,0.613666
almond,3,0.800824
myalgia,1,0.910255
singular_hiccup,16,0.508530
self_advocate,1,0.802995
gag_trick,4,0.478502
soft_drink,3,0.779747
carbohydrate_heavy,1,0.815464
sit_up,5,0.790675
severe_gerd,0,0.575788
price,12,0.795791
suicidal_think,1,0.761588
block,13,0.743239
cricoid_cartilage,15,0.678316
cause,0,0.521365
spice,3,0.895104
body_image,4,0.601798
magnesium,10,0.794939
connect,0,0.557281
disappointment,8,0.656498
flex,5,0.726261
stomach_flu,4,0.611878
rapid_gastric_empty,1,0.693027
anesthesia,11,0.605195
very_common,0,0.673014
esophagram,14,0.882330
weak_voice,6,0.690909
80_success_rate,2,0.843873
surface,5,0.860710
phenergan,1,0.741712
blue_cross_blue_shield,12,0.863991
gastrointestinal_problem,1,0.639209
hypersalivation,9,0.860711
such_as_hiatal_hernia,7,0.652024
retrograde_only_neurological_dysfunction,1,0.715547
hypersalivate,16,0.476757
expel,16,0.545280
crappy,8,0.756901
nerve_damage,0,0.342555
produce_gas,3,0.422353
trigger_food,3,0.781910
cricopharangeal,1,0.587710
anti_gas,10,0.779989
ues_upper_esophageal_sphincter,15,0.535337
10_unit,2,0.843998
r_cpd_community,7,0.779100
festival,3,0.646352
excessive_gas,9,0.712379
fluctuate,6,0.470446
public,16,0.487946
anesthetist,12,0.748186
fentanyl,1,0.603022
esophagitis,0,0.725830
magnesium_citrate,1,0.922873
connection_between,0,0.770040
chew_everything,3,0.842852
connection,0,0.553319
ga_procedure,2,0.832964
pretty_nervous,8,0.691981
obstruction,0,0.754809
feel_nauseous,9,0.632724
patient,2,0.524893
bpm,6,0.508743
1_2x,1,0.787485
contractility,1,0.773225
pass_gas,9,0.580246
reputable,7,0.942018
deny,12,0.839330
tight_chest,9,0.741800
breathy,1,0.830133
gastritis,0,0.759684
nowhere_to_go,13,0.562778
little_nervous,8,0.525921
ginger_ale,3,0.803704
percentage,2,0.620875
symptom,9,0.352801
exist,7,0.627393
fish_oil,1,0.508675
famotidine,10,0.833749
super_anxious,8,0.606323
mucus,11,0.525039
fill_with_air,9,0.426233
coffee_and_tea,1,0.797418
anthem_bcbs,12,0.810974
gi_doc,14,0.751114
debilitate_condition,8,0.804074
digestive_system,13,0.623451
post_op,6,0.676696
go_to_explode,9,0.489249
crude,1,0.805370
throw_up_when,16,0.690997
lowkey,8,0.847648
expand,13,0.823271
nothing_unbearable,1,0.645887
croak,16,0.691848
muscle_relaxant,10,0.588522
gargle_noise,16,0.459470
damage,13,0.630332
surgery,2,0.447241
tube_down,11,0.699612
panic_disorder,4,0.800750
sniff_and_swallow,11,0.497123
adhd,0,0.802991
salivate,16,0.637908
bearable,11,0.505707
retrograde,13,0.683253
silent_hiccup,1,0.418440
take_ppis,10,0.559065
stenosis,1,0.899096
rotate,5,0.753414
stomach_and_intestine,13,0.525144
marijuana,10,0.545170
horrify,8,0.498277
cut_back,3,0.772067
his_success_rate,2,0.784454
breeze,11,0.667068
alignment,15,0.640314
endless_cycle,1,0.826648
tiny_tiny,16,0.595331
150,2,0.819619
puree,3,0.840039
allergy_test,14,0.695980
release,16,0.620662
bubbly_drink,3,0.678075
surgical_procedure,12,0.788689
cough_fit,16,0.571504
blue_cross,12,0.873207
chase_food,1,0.822114
patient_who,2,0.740211
take_probiotics,10,0.723583
valve,13,0.894207
able_to_enjoy,3,0.639868
sleep_wedge,10,0.503754
sibo_ibs,1,0.770518
neck_muscle,5,0.709670
r/noburp,7,0.787494
dinosaur_noise,16,0.432099
ever_since,4,0.558936
coverage,12,0.903953
retch,16,0.723324
wrong_pipe,11,0.444470
erode,0,0.514683
benadryl,10,0.654776
hydrogen,14,0.539912
sodium_alginate,1,0.755398
amount_of_gas,13,0.465317
squat_instead_of_bend,3,0.474117
late_20s,4,0.686204
practise,15,0.622167
every_mouthful,3,0.525965
chest_area,5,0.675732
debilitate,4,0.681675
each_bite,3,0.674712
criticism,1,0.830835
upper_abdomen,9,0.698458
pre_op_room,12,0.608259
since_early_childhood,4,0.718017
day_5,6,0.845947
paranoid,8,0.413684
nasal_breathe,1,0.769754
casein,1,0.857763
r_cpd_emetophobia,1,0.978479
cramp,9,0.885933
nerve_rack,1,0.798157
dense_food,1,0.758735
treatment_available,7,0.830727
each_day,6,0.801796
copay,12,0.802081
skinny,4,0.543482
greasy,3,0.831899
cp,13,0.716457
office,2,0.692520
gentle_massage,15,0.685601
100_unit_under_ga,2,0.695558
parasympathetic,1,0.733173
octave,6,0.542700
extra_pressure,13,0.508591
diagnosis_and_treatment,7,0.856974
chronicle,1,0.949105
position,5,0.767578
strength,15,0.640652
wear_off_around,6,0.732889
food_stuck,11,0.574423
telehealth_appointment,12,0.729317
related_to_rcpd,0,0.589793
hysteria,1,0.587039
abdominal_area,13,0.492562
pretty_smooth,1,0.621891
second_time,2,0.798780
success_rate,2,0.786125
motility_issue,0,0.791604
definitive_test_to_validate,1,0.727940
absolutely_terrify,4,0.474886
high_heart_rate,4,0.412799
third_time,2,0.777078
profound_slow_swallow,6,0.530528
bedtime,3,0.666859
poor_understand,7,0.632359
chase_every_bite,1,0.641703
emergency_room,14,0.468909
mechanism,13,0.604541
flaccid,1,0.499958
thc,10,0.448016
spit_up,16,0.543383
obstruct,0,0.459858
extend_period,1,0.610472
random_hiccup,16,0.513853
unbearable,9,0.762657
candida_overgrowth,1,0.814811
temporary_paralyze,1,0.582801
investigation,14,0.696016
quiet,16,0.687815
sniff,11,0.555363
yale_medicine,7,0.807891
anesthesiologist,12,0.669050
nose,11,0.602262
twist,5,0.887145
stumble_upon_this_subreddit,8,0.755363
dyssynergia_and_pelvic_floor_dysfunction,7,0.553694
balloon,13,0.518327
american_healthcare_system,1,0.915958
swallow_tablet,4,0.358954
hiatal_hernia_so,1,0.664555
my_abdomen,5,0.758321
80_unit,2,0.884066
syndrome,0,0.775530
website,7,0.846354
gas_trap,9,0.661999
exclude_other,1,0.815434
ball_under_your_chin,15,0.722706
thorax,1,0.869852
sensory_issue,1,0.433693
sit,5,0.751303
growl_noise,8,0.478372
right_track,8,0.543428
talk,11,0.261179
wide_awake,1,0.699734
laryngologist,7,0.773629
insomnia,9,0.515637
chase_with_water,3,0.722335
pooch,1,0.786527
throw_up_which,4,0.649799
hard_to_explain,16,0.602643
lower_success_rate,2,0.832778
humiliate,8,0.393101
globus_sensation,9,0.471679
virus,0,0.490565
scope_through,11,0.623360
floppy,13,0.847229
deficiency,0,0.788704
gas_escape,16,0.693420
inconsistent,6,0.684210
calcium_carbonate,10,0.734201
affective,1,0.826879
flat_stomach,9,0.437621
ear_pop,16,0.434634
yoga,15,0.643261
croak_sound,16,0.630489
doctor_wasserman,12,0.762415
hot,3,0.671856
air_escape,16,0.655176
uvula,11,0.677279
5_6,6,0.778207
involuntary,16,0.754918
teach,15,0.525881
relive,9,0.524122
r_cpd_syndrome,1,0.906929
severe,9,0.612080
caloric,1,0.633141
bloat_distension,1,0.641619
abnormality,14,0.710752
weird_position,5,0.770063
throat_tightness,9,0.630114
head_forward,5,0.815259
upper_chest,9,0.587571
champagne,3,0.789286
certain_food,3,0.697968
awful,9,0.664908
afraid_of_vomit,4,0.668254
botox,2,0.570105
tilt,5,0.876947
hernia,0,0.795058
80,2,0.725519
hiatal_hernia_if,1,0.824436
orl,12,0.758501
incessant,9,0.561817
nasal,11,0.566254
high_note,15,0.362969
fight_or_flight_response,1,0.782869
kinda_sad,1,0.899816
empathetic,8,0.682538
extra_gas,13,0.437052
r_cpd_not,7,0.730074
massage_therapist,1,0.648321
confusion,7,0.522799
third_attempt,2,0.693273
he_spray,11,0.820616
inhibitor,10,0.760964
upper_stomach,9,0.628369
gi_problem,0,0.669304
stomach_distension,9,0.439720
pepto,10,0.815244
curious_if,0,0.438307
first_step,7,0.619900
sensitive_stomach,4,0.623224
doctor_yoo,12,0.877561
painless,11,0.617738
low_success_rate,1,0.875223
nothing_unmanageable,1,0.852535
put_pressure,13,0.846879
4k,12,0.837985
gut_issue,0,0.808755
gravelly,1,0.733706
symptom_worsen,4,0.582761
stuck,16,0.405140
anthem,12,0.898141
50u,2,0.924500
mimosa,1,0.702182
otolaryngology,7,0.824726
gluten_dairy,3,0.689652
slightly_sore,11,0.726982
calorie_deficit,1,0.856485
cricopharyngeous,1,0.599767
organ,13,0.782585
sip,3,0.739758
absolutely_worth,2,0.645971
third_injection,2,0.798069
round_1,2,0.779606
third_shot,2,0.696927
feel_better,16,0.365183
emetophobe_who,1,0.661094
fog,11,0.575588
throaty,6,0.452854
sauce,3,0.809363
suffocate,16,0.559915
this_group,7,0.764472
laugh,16,0.599230
alcoholic_drink,3,0.798382
tube,11,0.568817
eat_breakfast,3,0.510287
stress,4,0.268330
inconvenient,8,0.517636
shoulder_blade,5,0.676631
vomit_episode,4,0.629315
muscle_tension,13,0.714588
protonix,10,0.543369
swallow_disorder,7,0.619378
diagnosis_of_r_cpd,14,0.650895
my_chest,5,0.584124
core_strength,1,0.729181
bummer,8,0.717281
air_pocket,5,0.581732
shallow_breath,1,0.615206
broth,3,0.791264
bowel_movement,9,0.498582
react_different,1,0.673473
dinner_tonight,1,0.809064
65_unit,2,0.749744
low_fodmap_diet,10,0.728724
breathless,9,0.776315
gerd,0,0.731051
like_crazy,16,0.615224
feel_sick,9,0.534485
digestive_problem,0,0.831326
outpatient_surgery,1,0.775344
roar,16,0.714244
stab_pain,9,0.562532
overcompensate,1,0.578010
speech_language_pathologist,7,0.681891
ashamed,8,0.512987
motrin,10,0.710946
voice_change,6,0.658228
self_esteem,4,0.547696
anesthesia_general,12,0.612138
surgery_center,12,0.784209
block_nose,1,0.602580
learn_how,15,0.605158
finger_method,1,0.705711
summon,1,0.620344
excess_flatulence,9,0.523595
ferrous_fumigate,1,0.763600
information_regard,1,0.889437
assess,14,0.706916
sit_there,16,0.652586
spine,13,0.744623
come_across,7,0.707165
sound,16,0.627720
pantoprazol,1,0.903635
stat,2,0.742195
social_anxiety,4,0.657405
social_activity,1,0.717864
your_gp,14,0.664863
regular_burper,16,0.524641
medical_research,7,0.804587
total_cost,12,0.901335
rate_of_success,1,0.796156
average,6,0.716815
diazepam,1,0.832322
groan,16,0.606634
unorthodox,8,0.631715
neck_area,5,0.659965
buildup_of_mucus,1,0.786898
medical_gaslight,1,0.682702
hopeful,8,0.600331
narcotic,1,0.607277
stab,9,0.623523
doctor_jeffrey,1,0.716461
very_gentle,5,0.557912
difficulty_breathe,9,0.522252
contribute_factor,0,0.802301
scope_down,11,0.624534
tiny_bit,16,0.589997
foul,1,0.733306
heartburn,9,0.507701
tough,6,0.346520
consultant_who,7,0.763381
sit_upright,5,0.688964
chronic,0,0.758162
tiny,16,0.630556
certain_age,4,0.554067
oh_wow,8,0.801999
breath,16,0.465389
charge,12,0.832155
fizzy,3,0.849162
instability,1,0.772447
side_shaker,15,0.741770
my_vocal_chord,13,0.568369
hot_air,16,0.510212
crop_dust,1,0.951665
nexium,10,0.849869
stuff,3,0.362501
likelihood,0,0.353622
holistic,7,0.777696
raptor,1,0.734581
3_4_month,6,0.604320
paracetamol,10,0.614988
post_surgery,6,0.743478
arm,5,0.859548
obs,1,0.765332
unimaginable,1,0.830485
increase_flatulence,9,0.539992
horse_pill,1,0.592673
mindfulness,15,0.610645
research_article,7,0.706213
affect,0,0.409431
tif_procedure,7,0.379787
cricopharyngeus_muscle,13,0.726855
id_love_to_hear,8,0.616523
theorize,0,0.682736
slow_sip,3,0.793506
youtube_video,7,0.542130
test,14,0.727623
slow_swallow_kick,6,0.661489
raise_soft_pallet,15,0.695102
indigestion,9,0.787614
sorry_to_hear,8,0.694743
existence,7,0.720864
stay_hydrate,3,0.803510
stumble_on_this_sub,1,0.920352
rip,16,0.603332
ent_specialist,14,0.802161
chase_every,1,0.690216
cricopharyngeal_muscle,13,0.782655
drown,11,0.535502
albuterol,1,0.819068
5000,12,0.806013
sucralfate,10,0.825288
carry_out,12,0.774754
nissen,1,0.793639
depressing,8,0.719890
relief_soon,8,0.522407
involuntary_dry_heave,1,0.599210
childhood_trauma,4,0.697349
4_5_month,6,0.836475
child_liquid_ibuprofen,1,0.843245
insecure,8,0.638996
diet_soda,3,0.690917
hoarse_voice,11,0.473949
extra_info,1,0.757750
sometimes,16,0.681689
eat_solid,3,0.567571
unit,2,0.803563
distention,13,0.612892
mild_sore,11,0.679212
cord,13,0.508347
lifelong_no_burper,4,0.656017
upward_pressure,1,0.463701
short_video,7,0.584895
deviate_septum,1,0.677912
permanent_effect,2,0.686703
anxious,9,0.372135
out_of_pocket,12,0.792010
6_week,6,0.686647
very_happy,8,0.844629
your_toe,5,0.661237
75_100_unit,2,0.752921
guinness,3,0.789038
print_out,7,0.788002
hiatal_hernia_etc,1,0.855252
slightly_nauseous,8,0.525152
page,7,0.818664
apple_sauce,3,0.711847
vomit_phobia,4,0.808001
pain_killer,10,0.601544
get_rid,9,0.482386
wake_up_bloat,1,0.739227
asphyxiate,1,0.880833
child_pose,5,0.676699
tums,10,0.835993
diameter,13,0.504110
simethicone,10,0.769604
mini_burp,6,0.615856
be_lactose_intolerant,3,0.467920
silent,16,0.736804
numb_stuff,11,0.649224
validate,8,0.648688
tomato_sauce,3,0.868996
occurrence,4,0.463312
recap,1,0.859424
plant_base_diet,1,0.838569
raspy,11,0.453194
epigastric,9,0.328699
long_term,0,0.387854
laparoscopy,14,0.611992
physician,7,0.811154
bedside,1,0.834680
allergy_medication,1,0.733095
frog_croak,16,0.674323
depression,0,0.722917
local_doctor,12,0.756194
sphincter_muscle,13,0.798628
homeopathy,1,0.864697
regress,6,0.532555
vegetarian,3,0.522210
dilate_esophagus,14,0.769319
a_life_changer,8,0.653584
anti_gas_pill,1,0.642510
lie_down_flat,5,0.611233
flare_rib,1,0.814161
suffer,4,0.566507
gasp,16,0.758973
trapezius,15,0.531378
loss_of_voice,1,0.741084
phlegm,11,0.606709
reflux_medication,10,0.813913
orgasm,1,0.814633
spontaneous,16,0.570114
colitis,14,0.596762
glass_of_water,3,0.681160
avoid_carbonation,3,0.831298
urgent_care,14,0.578812
psychological_issue,7,0.609313
deep,16,0.664948
rennie,10,0.904871
amazing_community,1,0.786305
bbc_article,1,0.777627
throw_up_air,16,0.666795
saliva,16,0.445633
unproductive,1,0.597728
hurt,11,0.485328
react,4,0.123690
blood_work,14,0.847297
outpatient_procedure,12,0.784389
suddenly,16,0.524827
bless,8,0.779819
stress_and_anxiety,4,0.404213
regret,8,0.577171
otolaryngologist,7,0.773591
random_microburp,6,0.685780
minor_sore,11,0.612677
my_rib_cage,5,0.694486
carbonate_drink,3,0.668456
picnic,1,0.836776
smell_fart,4,0.525616
glad_to_hear,8,0.699990
lay_down,9,0.497656
prescribe_omeprazole,10,0.490697
falsetto,1,0.556393
unbelievable,8,0.461636
retrograde_cricopharyngeus_dysfunction,7,0.760600
normal_burper,16,0.507449
procedure_itself,2,0.670179
tilt_my,5,0.810068
chest_x_ray,14,0.726069
first_dose,2,0.857558
belly_button,5,0.794720
lactose_free_milk,1,0.826567
mental_component,1,0.554428
vary_from_person_to_person,2,0.478106
partially_paralyze,1,0.630494
treat_rcpd,7,0.796101
carbonate_beverage,3,0.747792
food,3,0.552644
sugar_alcohol,3,0.581779
air_trap,9,0.488861
high_pitch,11,0.337010
cancellation,12,0.719019
tongue,5,0.761060
esophageal_spasm,0,0.637964
byproduct,0,0.506249
log,8,0.413508
parasite,14,0.545570
nervous,11,0.397465
cause_damage,13,0.778283
overnight,9,0.464597
joke,16,0.410012
natural_burper,1,0.688881
add_sugar,3,0.633132
cracker,3,0.737458
laryngospasm,11,0.342816
scientific_research,1,0.733101
huge_difference,6,0.172149
unpredictable,6,0.601975
diagnostic_tool,7,0.736116
syndrome_diagnosis,1,0.901058
recovery_process,8,0.608877
physical_sensation,1,0.676100
aspirin,10,0.593089
insert,11,0.708773
depressed,8,0.510570
breathe_issue,9,0.530574
case_series,7,0.827832
kaiser,12,0.893507
physio,15,0.696132
appreciative,8,0.839679
scleroderma,1,0.770755
vein,11,0.556279
worsen_with_age,0,0.640567
knock_out,11,0.690970
ability_to_sing,1,0.711604
vodka_cranberry,3,0.741403
slide_hernia,1,0.556585
upside_down,5,0.731734
radiate,5,0.654150
slight_sore_throat,6,0.671703
botox_for_dysphagia,7,0.697355
hiatal_hernia_which,7,0.493365
rich_food,1,0.779844
worsen,0,0.597944
injection,2,0.731617
out_of_state,12,0.881728
healthcare_system,12,0.768987
esophogram,14,0.846541
social_gather,3,0.447263
empathize,8,0.736794
hospital,12,0.784195
wretch,16,0.652481
left_shoulder,5,0.698022
coke,3,0.839371
800,12,0.820101
demographics,7,0.760290
gain_control,15,0.689463
naso_gastric,1,0.695325
straighten,5,0.711053
right_decision,8,0.672125
my_chin,5,0.917016
lay_flat,5,0.707333
your_esophagus,13,0.719873
pressure_buildup,1,0.478933
panic_attack,9,0.580117
north_carolina,12,0.927858
frequency,6,0.431705
prick,11,0.497781
anxiety_and_depression,4,0.700532
chinese_medicine,7,0.672395
early_childhood,4,0.834851
chug_liquid,1,0.695009
embarrassment,4,0.580183
last_resort,2,0.641330
consume,3,0.771065
second_shot,2,0.787832
bend_over,5,0.437557
near_constant,9,0.814488
recent_discover_this_sub,1,0.771059
stay_motivate,1,0.904879
dopamine,1,0.800893
high_resolution_manometry,14,0.762950
stoke,8,0.799128
truly,8,0.580508
stimulate,13,0.650930
day_4,6,0.802202
numb_agent,11,0.823970
pelvic_floor_muscle,13,0.723494
diastasis_rectus,1,0.936165
control_over,6,0.496177
psychological,0,0.630004
revelation,8,0.706549
same_timeline,8,0.741025
confuse,16,0.239417
larynx_lower_voice,1,0.711492
virginia,12,0.857862
spicy_chicken_sandwich,1,0.902729
parkside_hospital,12,0.886839
weaken_les,1,0.731779
candida,0,0.767854
specialize,14,0.706476
pregnant,9,0.473949
ph_impedance,14,0.669296
manometry_show,14,0.605064
release_gas,16,0.617400
violent_vomit,4,0.558095
little_scary,8,0.578610
different_method,15,0.737539
who_treat_r_cpd,12,0.827738
super_sore,11,0.716382
tylenol,11,0.621535
sound_awful,8,0.676566
atrophy,13,0.487966
autonomic_nervous_system,13,0.639239
sniffle,9,0.391714
bone,13,0.715155
scientific_evidence,7,0.755040
gasp_for_air,11,0.601273
digestive_tract,13,0.724708
crural_diaphragm,1,0.656770
cook,3,0.849018
doctor_june_lin,12,0.815024
useful,7,0.508429
prop_myself_up,5,0.451381
cow_milk,1,0.759087
stomach_content,13,0.487115
amusement_park,1,0.553370
stomach_growl,16,0.550244
bland_diet,1,0.589144
phlegm_stuck,1,0.693398
your_mouth,5,0.543683
bowel_issue,0,0.558991
malfunction_les,1,0.546250
disorder,0,0.786301
evaluate,14,0.761841
pregnant_belly,1,0.663885
reaction,0,0.323215
tutorial,15,0.718278
maybe_once,6,0.572379
certain_way,5,0.864945
expel_air,16,0.691206
slight,9,0.460950
soda,3,0.744366
hiatal_hernia_repair,2,0.578691
counter_medication,10,0.553390
awesome,8,0.846968
scientific_literature,1,0.767582
stay_calm,3,0.407072
this_disorder,7,0.702348
multiple_time,16,0.411942
10_month,6,0.586680
struggle,4,0.340217
squat_instead_of_bend_over,3,0.521815
flatulence_etc,9,0.533999
yell,16,0.514586
official_diagnosis,14,0.620629
pelvic_tilt,1,0.662298
risk,2,0.350929
dysfunction,0,0.756694
tiny_bubble,1,0.656548
post_nasal_drip,9,0.519624
esophageal_muscle,13,0.667668
lactose,3,0.595481
primary_care_doctor,14,0.748619
feel_like_garbage,1,0.668734
cue,15,0.728449
gis,7,0.788606
surprise,16,0.310185
hunger_cue,1,0.744981
voice_crack,1,0.822136
turmeric,10,0.783577
put_on_weight,3,0.423029
digestive_track,1,0.734678
press_against,5,0.774204
any_sense,16,0.140233
frog_noise,9,0.634021
just_curious,8,0.466880
barium_swallow_study,14,0.929691
say,14,0.220743
75_unit,2,0.920487
indiana,12,0.871630
excess_wind,9,0.555607
slump,5,0.662060
misdiagnosis,0,0.797125
intense_pain,9,0.739959
pollen,1,0.545658
agitate,1,0.557981
fatigue_brain,1,0.850640
avoid_certain,3,0.700608
vicious_circle,1,0.570214
welcome,8,0.681943
super_scary,8,0.708559
