term_a,term_b,count,npmi
danlo,ehler,25,0.9910761996605169
non specialized doctor,professional statistical,40,0.9828602153505706
professional statistical,visit the doctor,36,0.9575666024476835
consult a doctor,professional statistical,40,0.9565659398194788
consult a doctor,non specialized doctor,42,0.9511003873882699
non specialized doctor,visit the doctor,37,0.9471044423567097
noburp doctor,professional statistical,36,0.9381537238602224
consult a doctor,visit the doctor,38,0.9273026848711002
noburp doctor,non specialized doctor,36,0.92123257644745
noburp doctor,visit the doctor,36,0.92123257644745
combien would unit,une seule dose,29,0.9183610555142936
consult a doctor,noburp doctor,36,0.8952737139836521
professional statistical,visit a doctor,30,0.8707430471609215
non specialized doctor,visit a doctor,30,0.8541873484438228
consult a doctor,visit a doctor,30,0.8287891236363939
visit a doctor,visit the doctor,26,0.8232805318037373
abdomino phrenic dyssynergia,pelvic floor dysfunction,28,0.8196046265973415
noburp doctor,visit a doctor,26,0.8046035143253825
berlin,charit,25,0.7969749862976314
reflex,trigger my gag,83,0.7726386448313819
larynx,lower,106,0.7510448521215694
melbourne,paul,28,0.7325528697461661
100u,50u,34,0.7088384470625174
know specialist,map,81,0.6960035432331
beverage,drink a carbonated,25,0.6820919356485695
develop a hiatal,hernia,27,0.6667911360485806
appeal,deny,38,0.6380246439404591
first dose,second dose,74,0.6001166017787721
cover,insurance,386,0.5888071475610953
doncaster,nhs,30,0.5611191184559776
inability to burp,produce air inside,48,0.55602158955831
les,ues,131,0.5528313465017374
coffee,drink coffee,30,0.5527056040245494
exercise,try the shaker,90,0.5505205586279629
low esophageal sphincter,upper esophageal sphincter,40,0.5488447156824748
funding,nhs,26,0.5403929001857146
hernia,hiatal hernia,73,0.5378720739111724
cover,insurance win,31,0.5296924410057144
vodka,wine,25,0.5287740793778593
nhs,private,91,0.5273068850768595
exercise,start the shaker,34,0.5249739358812742
bowel,constipation,64,0.5211373696679765
deductible,insurance,92,0.5138917262625305
constipation,stool,34,0.5121926544617486
100 unit,50 unit,93,0.5121798262968296
gp,referral,212,0.5065478983299118
pcp,referral,86,0.5065098602207334
cover,insurance would,29,0.5034241689047545
round,second round,118,0.49722639868145946
code,cover,70,0.49019375706901713
ibs,ibs symptom,30,0.48903180049315675
general anesthesia,local anesthesia,26,0.48881747637266093
insurance,network,67,0.4879442685804314
call dr bastian,office,42,0.4852055346490722
famotidine,ppi,25,0.48204674077035786
coffee,tea,45,0.4800226331206823
alcohol,wine,62,0.4785210615911009
gp,nhs,142,0.47805340825887027
noburp,noburp problem,42,0.47638788687018524
beer,wine,76,0.47462697898483824
ppi,ppis,33,0.4742039356625484
les,low esophageal sphincter,42,0.47382557710826173
cover,insurance company,54,0.4723585138818751
bcb,cover,40,0.4683245625566508
map,specialist,88,0.4630724383372213
get hiccup,hiccup,46,0.46262884125191445
bcb,insurance,38,0.45745201804270713
cost,deductible,78,0.456566238197906
family doctor,referral,47,0.4558231091011421
cost,insurance,255,0.4536363554235906
copay,insurance,39,0.4533884865526951
famotidine,omeprazole,26,0.4529908767108657
bupa,cover,30,0.45278146525993734
croak,croaking,64,0.45274101501661984
authorization,insurance,27,0.4510078458181022
gp,gps,29,0.4506613417301822
dr bastian,internet posting,48,0.4504255320281357
beer,guinness,25,0.4498422137949731
billing,insurance,25,0.4439069088265189
alcohol,vodka,33,0.4392002816795256
beer,drink beer,61,0.4331995370628239
emetophobia,phobia,92,0.4316907515074425
gp,letter,48,0.4315822618215025
round of botox,second round,25,0.4306455860305468
cover,health insurance,43,0.4299987471428635
cover,deductible,59,0.4290753978027452
cover,medicare,26,0.42856554640870187
appeal,insurance,41,0.42514629167960066
insurance,insurance company,42,0.4249922707882601
code,insurance,49,0.4215993673327066
cost,cover,216,0.41848055302942977
anxiety,physical symptom,31,0.4175903989383083
beer,drink,398,0.413898489952873
insurance,submit,29,0.412223019803032
cover,coverage,34,0.41154218986770563
manometry,test,116,0.41143120699690006
know specialist,specialist,32,0.4095894155328552
consultant,nhs,38,0.40941158104825587
ent,referral,204,0.4080942462139243
cost,medicare,26,0.4060671599994468
company,cover,35,0.405896710672089
copay,cover,29,0.404226371363595
country,healthcare,30,0.40076386488510224
coverage,insurance,32,0.3996680729264656
age noburp,cpd,40,0.39932777539700803
acid,silent reflux,31,0.39554440770094546
esophagus,low esophageal sphincter,75,0.39545643077314757
gp,private,49,0.3951958831800113
chest,sharp pain,26,0.3942209527429635
dr karagama,general anaesthetic,26,0.3933813665406324
100 unit,ga,58,0.39302738646174007
100 unit,75 unit,33,0.3928620055234373
ues,upper esophageal sphincter,36,0.3927599132117945
fear,phobia,71,0.3926174672426282
fear of vomit,vomit,121,0.3920612615479753
heartburn,silent reflux,28,0.39114685675349975
50 unit,dosage,29,0.3903048389958034
test,testing,94,0.38979585672149325
appeal,cover,33,0.38974884064222853
alcohol,drink,283,0.38939455420043556
beer,carbonated,48,0.38913850734807914
neck,neck muscle,30,0.3886387668119631
emetophobia,fear,153,0.3880691235104327
muscle,strengthen,44,0.3872248702754487
drink,wine,120,0.38656501735544363
alcohol,drink alcohol,36,0.38405931956798306
fee,hospital,35,0.3838639537957908
actual vomit,air vomit,30,0.38346527212583525
cost,insurance cover,48,0.3824266769502206
chest,tightness,59,0.38184626724525544
gaviscon,omeprazole,26,0.38160526238256903
deny,insurance,42,0.381160613400857
dose,first dose,45,0.3803999458633289
round,round of botox,30,0.3790758666260691
gag,gag reflex,75,0.37723659130566317
beer,chugg,32,0.37718139493285824
anesthesiologist,surgery,62,0.37484344217349946
referral,specialist,119,0.374726492229332
esophagus,trachea,25,0.37463593654193167
approve,nhs,31,0.3737192326413288
acid,acid reflux,126,0.37284383443149227
alcohol,beer,102,0.3723596684318979
chest,pressure,206,0.3712965219876045
drink,drink a fizzy,39,0.37035669243629854
esophagus,sphincter,92,0.36843293069016286
barium,test,27,0.36837215881880575
cover,network,34,0.36825577571736484
estimate,insurance,31,0.36784776891342924
exercise,shaker exercise,150,0.3666426466733907
ga,in office procedure,39,0.36637548598040093
cover by insurance,insurance,28,0.36562273642782345
manometry test,test,26,0.36516363414450476
hiccup,painful hiccup,44,0.3644826470267886
gerd,hiatal hernia,58,0.36389439524977385
reflux,silent reflux,49,0.36178065047059715
cost,estimate,34,0.36148751377606775
insurance,insurance cover,37,0.3604917293909351
esophagus,les,109,0.3594880741675615
cricopharyngeus muscle,muscle,41,0.35844415833484045
jaw,neck,59,0.35810284580446594
office,receptionist,29,0.35571766055065174
drink,soda,204,0.3553727335751542
massage,neck,54,0.35528308783644874
primary,referral,26,0.354595779820013
approve,insurance,39,0.3545140649497214
50,75,36,0.3543757279638774
acid,reflux,120,0.35382415291544095
swallow,try to swallow,36,0.3536431444284985
kaiser,referral,35,0.3528389187559725
blood test,test,32,0.3525571240526412
acid,heartburn,56,0.35129193026440525
sphincter,ues,37,0.3503083303166923
drink,vodka,63,0.34900089756084385
beer,drink soda,32,0.3486559550113961
esophagus,ues,133,0.34848111119432135
croak,frog,27,0.34798932258404824
muscle,paralyze,34,0.3474473983144757
candidate for botox,dr bastian,39,0.3469142557448981
les,sphincter,28,0.3468680066608411
anesthesia,general anesthesia,64,0.3459782589748517
carbonation,soda,51,0.34510136696169386
lpr,reflux,28,0.34393020009051756
antacid,omeprazole,25,0.3439201308462645
drink,sparkling water,98,0.34366846150493674
ga,office,101,0.3425539245058926
letter,nhs,26,0.3415745913120026
75 unit,dose,40,0.3414094231834822
50 unit,dose,61,0.3407898976310021
consultant,gp,27,0.34077494116711937
actually vomit,air vomit,39,0.33933734549161715
100 unit,dose,72,0.33918164169090287
ent,gp,116,0.3386411891779178
dose,second dose,58,0.3382533374258559
post botox,pre botox,57,0.3378933288328212
gp,specialist,78,0.33756809865319237
drink,juice,66,0.33587320442829466
cocktail,drink,42,0.3355442241314621
ent,pcp,41,0.3345541337036616
beer,carbonation,73,0.3344198101620587
anxiety,social anxiety,33,0.33264197822237707
referral,see a ent,41,0.33239798325340547
actually throw,gag,29,0.3316953467772923
manometry,study,46,0.33137300795923186
swallow,swallow food,28,0.3302759168886325
cost,private,50,0.32981630779328713
approve,cover,33,0.32906934132817556
micro burp,proper burp,36,0.32905318604764666
cover,insurance cover,30,0.3283399088276305
muscle,throat muscle,40,0.32824785406028273
insurance,provider,34,0.32753366527661537
beer,soda,67,0.3273266108810366
muscle,weaken,26,0.32705606785855196
in office procedure,office,73,0.3263833313428031
shaker,shaker exercise,40,0.3255648960750014
cover,healthcare,32,0.3252345310561469
clinic,country,32,0.32518955974252123
actually vomit,vomit,51,0.3245519603770722
nhs,referral,80,0.3238361827359242
bill,hospital,37,0.32379811296016986
gurgle noise,noise,28,0.32361241002427205
75,dose,36,0.3234303391197436
cure,self cure,38,0.32338243569962516
cpd,noburp problem,34,0.3232305534550736
cider,drink,35,0.32322645794256194
diaphragm,ues,38,0.32313318874456265
muscle,neck,176,0.3230886314430076
botox injection,injection,106,0.3226338734413973
cover,deny,29,0.3224470549228729
cola,drink,25,0.32234443916287014
drink,fizzy,50,0.32188733832913335
ent,primary,26,0.3217551871109005
carbonated,drink,85,0.3214323629690638
esophagus,motility,28,0.3213774671735613
gerd,heartburn,54,0.3209698396952803
general anesthesia,office,85,0.32092147061394927
50 unit,second dose,26,0.32057404121014027
amount of gas,gas,33,0.32049024841152113
gas,much gas,36,0.3197077431263889
cover,provider,32,0.3195859120417973
dosage,dose,37,0.31945421780290445
drink,practice with fizzy,38,0.31925450149604845
alcohol,carbonation,52,0.3189131092702783
esophagus,upper esophageal sphincter,52,0.3186194169702479
drink,seltzer,66,0.3182293969033029
code,cost,30,0.31774642630635275
acid reflux,bad acid reflux,26,0.31772474090540886
carbonation,drink,177,0.31747086378398154
drink,spirit,35,0.31726674400162663
drink,guinness,28,0.31700433318349247
flex,muscle,32,0.31620377070715766
swallow,throat,646,0.31568502164965967
coffee,drink,131,0.31521929759847844
100 unit,second dose,30,0.3151859188519172
contract,muscle,36,0.3147475735366679
endoscopy,manometry,39,0.31428895590149075
anesthesia,office,134,0.3120754881501378
chest,feel the air,39,0.3119096248079384
see a ent,specialist,30,0.3116803654375104
excessive flatulence,symptom,62,0.3114926114088734
ibs,sibo,25,0.3113218907377257
diaphragm,les,27,0.3108355851791698
acid,gerd,55,0.31071223375179546
cost,quote,26,0.3107005712340687
hospital,operation,41,0.3104390320850536
neck,strengthen,25,0.310331765732314
carbonated drink,drink,133,0.3099145844523725
contract,esophagus,41,0.30939535877044605
cost,network,27,0.30875564436423614
cpd,cpd sufferer,41,0.30799729432720624
bowel,ibs,25,0.3071464020768518
air vomit,gag,176,0.3065832274615613
100 unit,50,49,0.306510022694452
alcohol,coffee,36,0.306298731003322
rcpd,treat rcpd,62,0.3059437155694064
gurgle,gurgle come,68,0.30577305363738255
acid reflux,reflux,176,0.3056163010085603
air,amount of air,97,0.30499130269561786
clinic,referral,47,0.30483725838523523
muscle,tension,40,0.3043700210003507
carbonated water,drink,51,0.30430832934326885
drink,fizzy drink,145,0.30406747055132305
100 unit,second round,29,0.3040373583049093
esophagus,low esophagus,25,0.304013631866111
alcohol,carbonated drink,37,0.30374544593517516
drink,drink beer,76,0.3027778435455968
dr bastian,office,315,0.3010419074614627
exercise,shaker,46,0.30089872018483677
drink,drink alcohol,74,0.30077549677613924
retching,vomit,38,0.3006114264795597
carbonated beverage,drink,75,0.30048493497159195
rcpd,symptom of rcpd,36,0.2999846788534579
med,medication,35,0.29945642075462725
healthcare,referral,26,0.29912824624266127
doctor,referral,295,0.2990399141469493
cough,gag,110,0.29881877670346735
air,feel the air,86,0.29837857148046776
air vomit,gag reflex,59,0.29832470984377646
cpd,cpd symptom,89,0.29803473955293636
neck,tension,35,0.2979627570424359
swallow,throat feel,46,0.2979022906560816
air come,gag,63,0.29683613964502414
airway,esophagus,31,0.2963198850978192
anesthesiologist,procedure,83,0.29605341993932766
country,doctor,173,0.29587350498566484
esophageal,esophagus,25,0.29520290045609715
gurgle come,micro burp,25,0.29519524684698667
botox surgery,surgery,50,0.29502198732600887
chest,chest pain,49,0.29470196547075206
colonoscopy,test,25,0.2944712930837015
75 unit,round,25,0.2942496714775296
letter,referral,26,0.29410669687574525
anxiety,fear,141,0.2939192723056668
throat,throat feel,125,0.2938066204615098
endoscopy,test,104,0.2934284677092284
cpd,diagnose be cpd,33,0.2933713909658673
main symptom,nausea,25,0.29309441409669806
drink,lemonade,28,0.29308223761853225
drink,stop drink,29,0.2923840953143216
air,air come,160,0.2909145345318878
gag,vomit,234,0.29028589152135226
referral,request,29,0.29026855787390066
muscle,upper esophageal sphincter,37,0.290162624780465
gag reflex,vomit,81,0.28962339768079726
cpd,treat be cpd,77,0.2894497365720069
gag,puke,69,0.2890265191414183
100 unit,round,45,0.28870291458284275
country,specialist,44,0.2884038596306211
dysfunction,muscle,39,0.28825370343697737
croaking,noise,35,0.2872504430937053
bloat,bloating,74,0.286819798845725
air,bubble of air,32,0.28646294962500707
acid reflux,heartburn,72,0.28513432953760326
eat and drink,eat or drink,26,0.28455006694534707
surgery,surgery center,35,0.2844057281618258
teach,technique,43,0.284387244932444
ent,kaiser,28,0.2842429483118014
bloating,pass gas,29,0.2839004861184418
chest,gurgle come,27,0.2833796665551137
private,referral,31,0.283259449806373
head turn,turn,31,0.2826437264010646
swallow,swallow pill,29,0.28178863450493863
anesthesia,in office procedure,36,0.28155110971266695
swallow,swallow test,27,0.2814327447846492
inability to burp,unable to burp,44,0.2811919565122275
rcpd,rcpd symptom,76,0.28117178438895163
swallow,swallow issue,31,0.2810484654384942
gas,gassy,74,0.28086568055125116
insurance,referral,90,0.28073094332945747
bloating,excessive flatulence,28,0.28050709086073067
city,ent,28,0.2804611362226282
throat,try to swallow,63,0.27978752054354733
chest,pain,236,0.2794246674672914
gag,reflex,43,0.2793463113614054
drink,tea,70,0.2792792853387923
study,test,102,0.27885982608052323
puke,vomit,117,0.2780248041380782
cost,nhs,74,0.2777554428078839
nausea,vomit,235,0.2777455504061982
consultation,hospital,70,0.2776401287289766
botox treatment,treatment,143,0.27755953348155066
50,dose,70,0.2773440176130882
ent,see a ent,36,0.2772839697252094
air,pressure,310,0.27681211632974057
beverage,drink,54,0.27675142915928097
actually throw,air vomit,25,0.2760408303683381
barium swallow,esophagus,51,0.27582820405655306
beer,carbonated drink,40,0.275706394354554
air,air bubble,82,0.2755109493733311
dose,second round,41,0.2750139603899783
general anaesthetic,office,34,0.274335819919369
drink,start drink,32,0.27397858153763915
abdominal pain,pain,27,0.27392199032417835
reflex,vomit,75,0.2731128842027562
doctor,find a ent,40,0.2727039257327521
feel the gurgle,gurgle,39,0.27209965619974097
cpd,disease,69,0.27143746568520255
anxiety,emetophobia,132,0.27091528518193786
difficulty swallow,swallow,32,0.270890430914109
throat,throat feel like,32,0.2696827443600211
drink,fizzy water,58,0.2690314022996361
acid reflux,gerd,82,0.2681247740468182
gas,pass gas,27,0.2675298934503699
diaphragm,esophagus,63,0.2675029672558018
swallow,trouble swallow,34,0.26721310812677085
chest,shortness of breath,38,0.26710693628839194
cricopharyngeus muscle,esophagus,27,0.26695684306035894
map,referral,34,0.2667630605703795
chest,noise,96,0.2664477401256319
pain,stomach pain,60,0.2657248047508693
air,force the air,35,0.2656612995551071
air,burp sound,36,0.26522956877458354
cost,healthcare,25,0.26490499606718776
esophagus,swallow,191,0.26485338968029515
bloating,flatulence,57,0.26426059335209184
constipation,ibs,28,0.263703666243992
gas pain,pain,29,0.26367475027638465
cough,micro burp,84,0.2636157826127208
air bubble,chest,31,0.26322512066878556
hiatal hernia,reflux,55,0.26297054770237605
chest pain,pain,65,0.26206296488110287
heartburn,reflux,66,0.26174154941214983
larynx,muscle,38,0.2613913985644993
scope,test,60,0.2613672768680551
flatulence,gas,58,0.2608954005269006
drink,milk,43,0.2606599278751972
regurgitation,vomit,151,0.26061991615797964
medication,omeprazole,25,0.26033926128932716
chugg,drink,41,0.25988516202711637
procedure,surgery center,65,0.2595108627638465
consultation,scope,33,0.2593628801640521
anaesthetic,office,27,0.25934043752679475
eat or drink,soda,29,0.2592733745477347
air vomit,vomit,250,0.25912497723618594
muscle,throat,448,0.25903345935133626
chest,trap gas,35,0.2588433914942415
air,chest,321,0.2583902198137213
gas,gas x,32,0.25810067248347873
drink,drink water,105,0.2578142897649082
hospital,procedure,336,0.2577828606420675
inability to burp,symptom,211,0.25761456235171754
ent,specialist,77,0.25733170118818705
air,air be come,28,0.2572364575595662
actual burp,air,56,0.2569858619633486
gas,pressure,130,0.25685179570883077
cover,private,27,0.2565456432349867
air,noise,224,0.25644090091129434
hospital,surgery,152,0.2560667889070763
air,release the air,40,0.2551591942381109
throat,uvula,47,0.25510583061059183
throat,throat hurt,42,0.25481771241969065
neck,throat feel,28,0.2548058229895922
chest,trap air,44,0.25473254078188085
study,visit,35,0.2546967915331066
slow swallow,throat feel,40,0.2545445533589998
main symptom,symptom,40,0.2543716856712362
alcohol,soda,33,0.2542773815885559
dysfunction,esophagus,37,0.253959528337058
jaw,muscle,34,0.2535396143905289
50,50 unit,29,0.2533193191652157
amount of air,discomfort,25,0.25327456375262064
cricopharyngeus,muscle,25,0.25318307783428795
neck,throat,395,0.2526474062144595
scope,surgery,78,0.2520868186770744
vomit,vomit air,25,0.25197919267169955
cricopharyngeal muscle,esophagus,26,0.25046908036115484
larynx,neck,32,0.24996802017682632
doctor,local doctor,29,0.24996249028863463
50 unit,round,29,0.24956197950967948
air come,chest,51,0.24812159353591307
flatulence,symptom,96,0.24780530211359345
discomfort,pressure,93,0.247551301655156
doctor,new doctor,27,0.24749237528366283
fear of vomit,nausea,31,0.24666314515101384
doctor,locally,26,0.24619374621726
air vomit,cough,102,0.24611847445461965
swallow,swallow air,41,0.24568572960443286
cure,self,56,0.2454186147108153
dose,round,59,0.24512255276569275
doctor,specialize,34,0.2446832973352028
slow swallow,swallow,188,0.24454935907469758
anxiety,phobia,47,0.244362403586838
air,gag,274,0.2442878498717146
post procedure,procedure,65,0.24424202283310342
air,feel the pressure,32,0.2440462860704971
chest,gurgle,271,0.24391206629044188
doctor,pcp,59,0.24376817289117192
throat,throat like,58,0.24342882395683074
air,release air,52,0.24323777130939048
beer,eat and drink,30,0.2429870846809117
hospital,visit,40,0.24272488713708248
air,extra air,29,0.24239649223060689
larynx,swallow,38,0.24232332480528057
bill,surgery,41,0.24221483453706544
cough,reflex,27,0.24201883558776704
gurgle,still gurgle,33,0.2418651955921563
fee,procedure,57,0.24152890000809402
air come,air vomit,56,0.2411842977327848
gurgle,micro burp,227,0.24084083038636875
air come,noise,34,0.24020455005491917
cover,referral,70,0.2401803828470243
shaker exercise,technique,38,0.2398899685257988
air,release of air,28,0.23974766777871362
chest,hiccup,85,0.23956221859060778
prep,procedure,41,0.2395298666976054
esophagus,muscle,147,0.23935587309230924
problem swallow,throat,26,0.2389739068111493
pressure,trap air,35,0.2389548192479264
difficult to swallow,throat,27,0.23864191134655657
doctor,list of doctor,46,0.23820135339439122
discomfort,pain,164,0.23793902788025126
airway,throat,58,0.23771719574892827
gas,stomach pain,35,0.23759474923556664
get gurgle,gurgle,55,0.2373916069698592
ent,map,35,0.23717526269968528
actually throw,vomit,28,0.23707258322959326
gurgle,gurgle start,28,0.23677057860289002
massage,muscle,28,0.23647160515994928
acid reflux,hiatal hernia,44,0.23634056629493816
doctor,ent,271,0.2362023585727722
doctor,network,44,0.23562642647043414
abdominal pain,symptom,26,0.2355244197122622
cannot burp,symptom,60,0.23533616944304805
self,teach,26,0.23532392671645339
doc,referral,51,0.23509083789147434
air,trap air,97,0.23471105856671598
cpd,syndrome,50,0.23451613250958858
air,get air,39,0.2344762034307694
cpd,disorder,138,0.23439210700106833
flatulence,inability to burp,34,0.23406819189963546
gurgle,noise,180,0.23357609447299768
hospital,test,97,0.2335347751098199
dose,ga,37,0.23344615968349292
chest,discomfort,97,0.23326529434921447
throat,throat open,27,0.23311350201110764
throat,throat pain,36,0.23269367845948843
relax my throat,throat,39,0.23227050708647548
air,gurgle,643,0.23226147562504515
slow swallow,throat,516,0.23210885544836773
dr bastian,myotomy,42,0.2319009880684135
shaker exercise,teach,44,0.23178517460888629
surgery,visit,71,0.23137296772696045
esophagus,larynx,37,0.23124913604380218
cpd,hernia,73,0.23098561640048973
air,air vomit,322,0.2308628183508804
different doctor,doctor,37,0.23036193245396674
consultation,procedure,223,0.23028633803726742
pain,pass gas,30,0.2301523779251319
gassy,noise,33,0.22969605975871601
sparkling water,turn,36,0.229016386978574
clinic,cost,35,0.22895892574488172
gas,noise,88,0.22880755909822525
cover,gp,51,0.2287782232817615
discomfort,inability to burp,75,0.22875119784686865
cpd,hiatal hernia,105,0.22827131927872513
pressure,trap gas,25,0.2278617747237323
gerd,ibs,34,0.22770749770851348
hernia,reflux,30,0.22760493951933586
bill,procedure,83,0.22741009275298044
consultation,injection,53,0.22718062720317825
botox procedure,procedure,363,0.22717380693407455
flatulence,nausea,40,0.22709203420604368
air,excess air,30,0.2270290125620289
pain,stomach ache,30,0.22702669749063584
air,gurgle come,46,0.22677877384463568
alcohol,fizzy drink,25,0.2267035605852052
flatulence,gurgle,93,0.22638242719035484
flex,throat,58,0.22627131152885027
study,treatment,95,0.22599353311911952
shortness of breath,symptom,60,0.22594638309440254
air,air trap,32,0.2254862099992622
drink,drink carbonated drink,34,0.225062790461132
difficulty swallow,throat,69,0.22493276882548566
pain,trap gas,46,0.2248915538985479
cpd,gerd,159,0.22478237759437927
chest,gas,123,0.22471672230085796
consultation,endoscopy,38,0.2245886146316286
sphincter,swallow,37,0.22406926156616094
botox injection,treatment,101,0.22367985577062274
beer,fizzy drink,32,0.22342627720684782
experience,person experience,26,0.22316526794497088
initial consult,procedure,28,0.22307914432459863
cpd,self diagnose,36,0.2230763383081242
nausea,puke,49,0.2227769797918154
muscle,sphincter,32,0.2215327786526863
abdomen,muscle,32,0.2215327786526863
stomach pain,symptom,57,0.22130352945931084
scope,study,27,0.22119841402460724
air,vomit air,30,0.22095299276968705
bloating,stomach pain,30,0.2207030817304998
diarrhea,symptom,29,0.2204077348870911
muscle,swallow,126,0.22037253894250375
release air,vomit,30,0.2202981202396926
throat,tightening,31,0.2200794627594595
chest pain,gurgle,69,0.2195880021795226
doc,ent,58,0.21927582597793185
procedure,scope,143,0.2190830644903566
swallow,upper esophageal sphincter,26,0.21891522155911294
flap,throat,25,0.21859547204475774
dr bastian,general anesthesia,76,0.21853969897508643
tension,throat,76,0.21845111344127516
croaking,discomfort,27,0.21841413844632224
neck,ues,48,0.21818232787077416
doctor,letter,51,0.21816497192752687
swallow food,throat,38,0.21816067603691947
hiccup,noise,52,0.2181598816450316
mouth open,throat,30,0.218127811341822
diaphragm,neck,35,0.2180987634350632
discomfort,flatulence,33,0.21799279347759823
drink,eat and drink,73,0.2178913547113631
jaw,throat,90,0.21780450466127405
air vomit,reflex,36,0.21764313003022795
bloating,gas,130,0.21739289494376912
air,cough,190,0.2171162380775862
swallow a lot,throat,41,0.21702658475035275
botox injection,test,76,0.21654959690925094
croak,noise,33,0.2164429602818336
air,croaking,79,0.21637599107005412
botox procedure,consultation,60,0.2161788285689499
cpd,misdiagnose,39,0.21596336594460483
cover,nhs,43,0.21582715897689145
air come,cough,30,0.21559174774193818
doctor,see a ent,63,0.21547227706024866
slow swallow start,throat,28,0.21546379866378107
air,croak,120,0.21541765421734965
initial consultation,procedure,43,0.21509193322194237
country,referral,33,0.21508531438530198
endoscopy,visit,25,0.21502631312671588
covid test,procedure,32,0.21468805453144268
city,doctor,47,0.2144617346423871
gurgle,mini burp,38,0.2144394920631242
doctor,healthcare,48,0.21430885351388215
air,reflex,78,0.21430618180068034
doctor,vancouver,35,0.21406534631788143
esophagus,throat,432,0.21395987661324786
doctor,ent doctor,31,0.21385668107561456
gurgle,gurgle noise,43,0.21384846009884032
air,feel the gurgle,29,0.21315613370093303
cough,puke,34,0.2125555028981388
actual burp,gurgle,38,0.21254019707400681
50 unit,office,39,0.2124516155763854
noise,pressure,61,0.21239763807720113
unable to burp,vomit,60,0.21239164921102321
feel the air,gurgle,46,0.2123233524187567
technique,turn,70,0.21207601872432258
cure,shaker exercise,79,0.21198523030123353
gurgle,release the air,27,0.211798557831387
barium swallow,swallow,32,0.21177288861417032
endoscopy,study,37,0.21169498955588104
nausea,stomach pain,25,0.21167314070990775
bloating,discomfort,94,0.2116729057303345
gag,noise,63,0.21163167389087809
exercise,technique,43,0.2114706870362948
drink,drink soda,36,0.2111151848718543
throat,trouble swallow,69,0.21078761695844958
perform the procedure,procedure,52,0.21046889736610386
doctor,specialist,154,0.21042990323528327
air,force burp,47,0.21033164592644377
air,loud burp,32,0.21026507353128143
botox,myotomy,145,0.2102629002596111
colleague,doctor,30,0.21002917971260512
air vomit,puke,53,0.2099708246876197
gurgle noise,symptom,38,0.20982039617691153
ent,surgeon,32,0.2097871894481612
botox,cc,36,0.2096079959171846
swallow,ues,57,0.2094399452954495
injection,scope,32,0.20932143039300954
muscle,ues,50,0.20918688161279747
nausea,symptom,201,0.20891197509747025
clinic,cover,26,0.20890531724749103
noise,pain,113,0.20887691178676474
chest,stomach pain,25,0.20868066035612257
esophagus,gastro,26,0.20867793580806646
doctor,family doctor,31,0.20864774704740055
rcpd,self diagnose,28,0.20826454414545498
air,stomach acid,67,0.208130145534376
test,visit,44,0.2079474150849536
country,insurance,33,0.20730400235911717
gas,unable to burp,39,0.20724490470267481
gas,pain,185,0.20716432697901904
bloating,croaking,32,0.20674142119902938
croak,gas,51,0.20661649292089446
pain,pressure,141,0.206521186383768
neck,swallow,105,0.2062641012108443
air,burp,2631,0.20624053621864094
gas,trap gas,28,0.20621017915478995
excessive flatulence,pain,25,0.20602151944884062
bad symptom,symptom,32,0.20601911554813604
symptom,tightness,40,0.20589228519847516
cricoid massage,throat,38,0.20575652475098344
discomfort,symptom,173,0.20573659988466095
hospital,injection,61,0.20569540189665353
botox injection,hospital,51,0.20560607646641912
air come,vomit,66,0.2056007921669912
nausea,trap air,31,0.2055476288690942
maneuver,throat,25,0.20551658883207083
cannot burp,gas,27,0.20541159203838252
botox injection,scope,26,0.20513602769885014
doctor,kaiser,43,0.20507824355400814
discomfort,gas,94,0.2050730352710667
headache,pain,29,0.20498989077541718
get burp,gurgle,37,0.2049121624946982
hospital,study,47,0.20477234651360232
treatment,visit,55,0.20477122959893027
throat,valve,41,0.20476276024323134
gag,pressure,76,0.20410378948761135
larynx,throat,88,0.20390711155041447
air,burp sometimes,38,0.203374065763257
doctor,insurance,190,0.20254923219949153
doctor,local,58,0.20214790658224005
air,gurgle noise,44,0.20208392849266696
throat,throat nausea,67,0.2019186135900032
air come,hiccup,27,0.2015093146247543
consultation,treatment,77,0.20144983219168008
jaw,swallow,27,0.20142548340010433
stomach muscle,throat,30,0.20108262260795978
testing,treatment,38,0.20051097386610905
exercise,teach,49,0.20029696384104798
chest,flatulence,34,0.20001014684086013
california,doctor,29,0.19998335279157484
country,cover,31,0.19998086519094008
air,burp normally,59,0.1997850846237887
gurgle,pressure,189,0.19969429480094936
pain,stomach issue,31,0.19947335658274487
doctor,doctor say,66,0.1988991112702409
discomfort,nausea,77,0.19873415266561062
test,treatment,140,0.19868362184823446
gurgle,release air,35,0.19865678451562607
nhs,specialist,30,0.19861040965706778
cure,exercise,100,0.19854798778697125
throat,throat muscle,57,0.19847425004965888
cost,country,36,0.19832049753586395
air,gas,272,0.19818924824774342
gerd,reflux,56,0.19766526378595423
dose,office,76,0.19740283693673213
croak,hiccup,30,0.1973972920037055
air come,pressure,32,0.197346338377906
chest,gassy,38,0.19718851267524035
painful hiccup,symptom,42,0.19711820387560172
drink,eat or drink,88,0.1968076880869417
air,flatulence,86,0.1967858427274756
chest,reflex,27,0.19666242688147406
ent,insurance,68,0.19665943126558436
throat,throat gurgle,99,0.19640239073181787
paralyze,throat,41,0.1960966383724371
throat,ues,158,0.1957049631004195
gurgle,nausea,206,0.19551390581573186
bloat,noise,26,0.19516353425185073
flatulence,pain,55,0.1950370996413678
diaphragm,muscle,33,0.1950060514955406
relax the muscle,throat,36,0.19496939165645402
bloating,pain,166,0.1948870298318932
misdiagnose,rcpd,29,0.19485231321229698
discomfort,noise,53,0.19450115337693502
open my throat,throat,33,0.19440377612579107
bloating,symptom,209,0.19391363321960337
75,dr bastian,36,0.19372727912088658
cpd,stool,26,0.19362570224708528
air come,micro burp,30,0.19343999380526292
procedure,schedule the procedure,28,0.1932076091436035
bloating,nausea,96,0.19318073226805543
gag,nausea,79,0.1928712107687016
deny,doctor,38,0.1927562595579763
actual procedure,procedure,30,0.1925515339560119
carbonation,turn,63,0.19249234679211108
clinic,ent,28,0.1923031095230796
gas,puke,47,0.19227288909353926
cost,gp,47,0.19205679681192647
procedure,procedure with dr,41,0.1919974733231884
bloating,shortness of breath,25,0.19180446728565095
air,gassy,95,0.1916400008263564
chest,gag,80,0.19142329757936355
air,retching,27,0.191258954425603
doctor,resource,36,0.19103375744576184
rcpd,trauma,25,0.1908306642754022
amount of air,vomit,32,0.19075288261725684
acid reflux,rcpd,194,0.19038420554908306
anesthesia,dr bastian,111,0.1903453224647312
insurance,specialist,42,0.1900776944320186
drink,drink fizzy drink,27,0.18999931855856156
burp,gurgle,2246,0.18972957623898612
botox procedure,hospital,67,0.18941343422210058
gurgle,hiccup,146,0.189390441747644
air,proper burp,42,0.18924438342373992
throat,upper esophageal sphincter,64,0.18921482295073933
botox procedure,endoscopy,50,0.18904787902605122
botox procedure,visit,35,0.18900194281161176
eat drink,turn,32,0.18893078535303756
doctor,see a doctor,38,0.1886446275075894
actually burp,air,44,0.18839959227575925
air,excessive flatulence,34,0.18793223848174243
beer,eat or drink,28,0.18792235367456014
procedure,second procedure,39,0.1878851724626655
burp,micro burp,801,0.18753996253191202
consultation,test,55,0.1874345314974843
bloat,gas,41,0.18742485813862572
anxiety,ibs,54,0.1872656207139114
doctor,request,48,0.18709369625514732
endoscopy,hospital,39,0.18707568495137974
constipation,cpd,81,0.18701276029022565
experience,never experience,28,0.18696119682032594
gassy,pressure,31,0.18679819924369473
abdomen,esophagus,30,0.18678547911853802
air,vomit,383,0.1862946463923162
experience,social situation,25,0.1862924114192842
injection,procedure,242,0.18624161014194932
first procedure,procedure,34,0.1861662362904773
sphincter,throat,87,0.18616332936538435
esophagus,gastroenterologist,38,0.18607216431425788
gas,gurgle,230,0.18597258102519504
chest,puke,39,0.18549901657351014
cost,referral,58,0.18539616976247392
amount of air,gurgle,42,0.18536608771442942
bloating,chest pain,26,0.18528357176944207
chest,symptom,180,0.18497136694076388
hospital,scope,26,0.18494323006213495
pain,trap air,46,0.18481349713656578
chest pain,symptom,50,0.1848118610601943
procedure,visit,121,0.18461036202063202
much gas,symptom,26,0.18457544895465292
air,really burp,32,0.183965377978806
botox,second round,223,0.18382116546836236
clinic,doctor,72,0.18375842870636783
disorder,rcpd,88,0.1836087768629779
cough,vomit,104,0.18331985756495303
consultation,surgery,75,0.1831656067440466
gassy,pain,58,0.1830673512331815
stomach issue,symptom,35,0.18306403485507186
gurgle,main symptom,27,0.18300191687062187
chest,cough,60,0.18284918196196592
symptom,unable to burp,61,0.18259021130351638
croaking,gas,28,0.18214762193448203
gas,reflex,28,0.18214762193448203
doctor,gp,124,0.18180125868315525
cover,ent,61,0.18164466619767639
botox,dilation,116,0.18161618952533443
country,ent,33,0.18130666943871343
botox procedure,scope,32,0.1809730276161396
inability to burp,vomit,112,0.18097193324658756
air,puke,99,0.18093833008008509
doctor,doctor tell,36,0.18086377894123162
hospital,treatment,90,0.1808573183862553
cover,doc,37,0.1807435446346398
2nd round,botox,44,0.1807343386997798
flatulence,pressure,26,0.18072695050555582
operation,surgery,33,0.18061650676723004
emetephobia,rcpd,27,0.18022214949039614
100 unit,office,38,0.1800399074921455
chest,unable to burp,28,0.17987122146310092
cpd,ibs,110,0.17968109814342598
many unit,office,26,0.17959328997778884
cricopharyngeus muscle,throat,42,0.17956011219876417
laryngoscopy,procedure,29,0.1792746387374529
pain,unable to burp,47,0.17924145992114932
burp,feel the burp,50,0.17922778252786944
gp,insurance,37,0.17918952188613732
bloating,gassy,37,0.17886983210051655
shaker exercise,turn,83,0.1788105208258527
lower,throat,46,0.1786542662664866
air vomit,pressure,82,0.178441775887628
drink,turn,264,0.17828089896402646
cough,gas,67,0.17806691862659996
rcpd,sibo,41,0.17803195571193878
pain,symptom,292,0.17802168655904677
75 unit,dr bastian,32,0.17779959605100668
noise,vomit,96,0.17752703619232912
frog,gurgle,41,0.17742720645369106
pressure,vomit,122,0.17729525326655476
eat and drink,turn,40,0.17692804156974581
ent,nhs,40,0.17672861743650273
beer,technique,26,0.17664315127292654
burp,burp whenever,79,0.17652393132137614
gurgle,trap air,61,0.1765145900096826
cure,shaker,25,0.17650196377180147
air,gag reflex,60,0.1764177161650904
drink,eat drink,41,0.17614111194101256
discomfort,gassy,28,0.17607664438854348
chest,nausea,78,0.1759661961013834
eat or drink,turn,55,0.17589471248140484
inability to burp,noise,43,0.17564105129104765
gurgle,painful hiccup,40,0.17560746170643038
inability to burp,nausea,61,0.17521078747602695
air come,gurgle,74,0.1751546653450927
doc,insurance,36,0.17514388017111307
botox injection,surgery,82,0.17513515724907655
air,micro burp,176,0.1751296011250962
air,mini burp,32,0.17487856920838224
esophagus,neck,91,0.17480698551814436
cost,specialist,44,0.17470506986146347
direct,doctor,35,0.17458394189793294
chest,inability to burp,62,0.17434267496653474
gurgle,proper burp,34,0.1737836987222338
stomach ache,symptom,26,0.17377648156831538
else experience,experience,68,0.17303420012147788
esophagus,swallow air,26,0.1728363439452267
pressure,symptom,147,0.17276992793808751
burp,feel air come,60,0.17276107048215317
gassy,gurgle,76,0.1725792910821911
bone,throat,33,0.17255999956849558
air,burp i think,28,0.17222273817399417
doc,doctor,117,0.1719468594710689
bloating,chest,86,0.17192431800171765
doc,specialist,27,0.17142230396953215
gerd,rcpd,100,0.1713613918463295
cough,croak,25,0.17118976264803396
soda,turn,52,0.1711336127005532
air,bloating,226,0.17112739128382184
cpd,illness,31,0.17099607704150552
cough,regurgitation,37,0.17097439224311714
endoscopy,procedure,159,0.16982051789627986
carbonated drink,turn,41,0.16933567419641044
burp,noise,600,0.16852437109248591
inability to burp,pain,101,0.1683829525538362
botox procedure,test,82,0.16811006581063737
air bubble,gurgle,37,0.1671149374887525
anxiety,rcpd,208,0.16709814157222008
approve,doctor,35,0.1669722497521781
nausea,regurgitation,49,0.1668320857704321
air,hiccup,142,0.1667754503638159
condition,experience,395,0.1667720548489049
massage,throat,60,0.16674361944638613
cricopharyngeus,throat,47,0.1666605829860087
doctor,medical professional,28,0.166639728436664
cure,technique,40,0.16643900307255813
actually burp,gurgle,34,0.166313027655994
burp,still gurgle,93,0.16624956491721718
burp,feel the air,162,0.16595897001214024
office,second dose,27,0.16589032732557674
croak,gurgle,80,0.16581446003857297
air,unable to burp,67,0.16573302704480464
swallow test,throat,36,0.1654995394911432
micro burp,noise,43,0.1654229476535461
botox,many unit,168,0.1654081974788552
cough,hiccup,38,0.16519117651918705
bloating,pressure,72,0.16507089743208997
diaphragm,throat,95,0.16494691904072772
ibs,rcpd,86,0.16492306838003223
discomfort,gurgle,151,0.16457089689408033
indigestion,symptom,26,0.16445295442483734
gas,inability to burp,67,0.16439636959100043
botox,round of botox,81,0.16423810740852327
actually throw,air,25,0.16397871749623874
botox,get 75 unit,26,0.16375681122815916
croaking,pain,36,0.16374540624329056
botox treatment,study,32,0.16364151035383415
contract,throat,44,0.16350670188195887
bloat,pain,51,0.16341791433493214
burp,burp almost,53,0.16329403122611835
micro burp,regurgitation,41,0.1627576967967606
air,discomfort,166,0.16272555843188127
cpd,sibo,43,0.1625396700753122
gurgle,unable to burp,59,0.1624475501880826
gassy,micro burp,25,0.16233276531152724
burp,loud burp,99,0.1619887412310826
headache,symptom,27,0.1619735158494766
doctor,map,57,0.16187297191493655
air,stomach pain,47,0.16183811589631142
air,bloat,79,0.1617935658065061
coffee,turn,37,0.16165525640814413
25 unit,botox,27,0.16150365832073652
gerd,noburp,48,0.16141908321889267
botox injection,study,30,0.16123639767686998
doctor,germany,25,0.16086366172645908
air,pain,327,0.1604520263455235
nausea,pain,120,0.1604390665412347
noise,symptom,107,0.16041013545306138
micro burp,pressure,53,0.16032028018857936
hiccup,pain,87,0.15995064916305796
excessive flatulence,gurgle,25,0.15980738318840096
botox,botox for dysphagia,34,0.1597225682919384
relaxation,throat,28,0.15968376133242784
burp,enough pressure,41,0.15955745499529783
air,pass gas,28,0.1589321829333402
air,frog,40,0.1588124649413626
nausea,pressure,61,0.15880161127947012
doctor,university,31,0.15874370719542755
discomfort,micro burp,51,0.15841314060335326
gurgle,pain,291,0.15840395457246226
gas,trap air,26,0.15838334285130307
burp,urge to burp,55,0.15800196624443916
bloating,gurgle,189,0.15799858444028536
150 unit,botox,34,0.1578868207844645
burp,release air,128,0.15786210859076008
cannot burp,pain,28,0.15779653719269787
burp,flatulence,295,0.15754553563993823
les,muscle,26,0.1575096160573068
burp,feel the gurgle,85,0.1574587467052562
drink,technique,69,0.1573942240126005
pressure,regurgitation,41,0.1573086982421041
fizzy drink,turn,43,0.15725787244170805
bloat,gurgle,69,0.15725639943398986
endoscopy,surgery,63,0.15722640035853447
burp,get burp,129,0.15698816864215318
botox,dosage,125,0.15694406266890604
air,much gas,26,0.15665339254403307
acid reflux,constipation,25,0.15662440645243964
inability to burp,pressure,48,0.15625660667005112
procedure,surgery,395,0.15620929098853523
burp,feel the gas,60,0.1561931427166437
air vomit,gas,94,0.15618363416948108
cover,doctor,144,0.1560709159978079
active botox,botox,40,0.15584912222461378
burp,gurgle come,124,0.15554864616238448
discomfort,gag,54,0.15547255662986453
gurgle,tightness,31,0.15542706436145518
micro burp,pain,100,0.15536715501314682
burp,burp instead,54,0.1552965972075759
hernia,rcpd,38,0.15513890446630552
cough,noise,34,0.15500013492467074
burp,burp i think,109,0.15494840804374063
burp,sound burp,37,0.1548210943869288
ibs,noburp,41,0.1547795427707396
air,cannot burp,43,0.15475422162299107
emetophobia,rcpd,122,0.15474735362689843
bowel,cpd,42,0.15472202093887538
burp,chest,823,0.1546961828763182
cp muscle,throat,29,0.15468462973215466
symptom,trap gas,36,0.15445059601652847
air come,burp,318,0.1544154178134171
gassy,vomit,49,0.15406759193384884
bloating,inability to burp,60,0.15403202728807525
cpd,emetophobia,142,0.1538736872049871
botox injection,procedure,168,0.153830386824115
esophagus,gi,32,0.1537212277482137
nausea,noise,46,0.1534115381544571
air,painful hiccup,38,0.1533034768608903
disease,rcpd,27,0.15307982385251148
bloating,noise,52,0.1529967915890524
bloating,micro burp,64,0.15297761122522358
50,botox,334,0.15296706911129743
beer,teach,27,0.15293020867763316
injection,study,34,0.15284046595367184
pressure,puke,27,0.15279101617762217
cure,teach,45,0.15278853394677216
gurgle,reflex,47,0.15270143652840973
feeling,symptom,29,0.1526753529951317
burp,proper burp,144,0.1526621561556096
air vomit,trap air,25,0.15266172828605523
burp,burp however,67,0.1524899327559012
hiccup,inability to burp,38,0.15246543570266316
exercise,fizzy drink,25,0.1524038173145855
air,gargle,27,0.15213902053031214
200,botox,109,0.1521327824372677
croaking,vomit,34,0.15200867042859612
air vomit,noise,54,0.15190495740436866
gurgle,symptom,358,0.15143830679505144
burp,gurgle noise,137,0.151320200409139
amount of air,burp,163,0.15098891808210854
50,round,25,0.15079054509707002
burp,burp it feel,32,0.15074728676346935
burp,force the air,68,0.150734207495319
deductible,doctor,31,0.15065090409550144
drink water,turn,38,0.15059694334300416
chest,croak,30,0.1505616478838629
botox procedure,study,41,0.15017605699706849
cough,pressure,42,0.15009099727919908
cricopharyngeal muscle,throat,37,0.1500122822754054
anxiety,disorder,38,0.14993121584840513
doctor,provider,32,0.14988773321353155
chronic,cpd,28,0.14983270538134066
burp,really burp,111,0.14973977171418437
rcpd,reflux,163,0.14971820583005657
cough,gurgle,116,0.14971388583151732
burp,release of air,64,0.14970776575705325
200,dr bastian,25,0.14963940229178918
croak,pressure,26,0.1495979293773217
hiccup,micro burp,40,0.14958740523709974
burp,force burp,137,0.14938997397134807
burp,weird hiccup,25,0.14933964478443895
burp,natural burp,31,0.14926827866181366
burp,burp sometimes,115,0.1492462530024325
burp,croak,356,0.14922199052927596
les,swallow,28,0.14920462890460354
burp,feel like burp,29,0.14919036598803329
gag,gurgle,147,0.14912853480532876
botox,pre botox,205,0.148996586026428
burp,discomfort,682,0.14885197989741533
acid reflux,cpd,179,0.1487497649802117
stomach pain,vomit,28,0.14872760953642206
barium swallow test,throat,39,0.14872187269928216
50,anesthesia,27,0.14870741686463568
burp,burp happen,74,0.14860852931814442
burp,burp normally,186,0.14853264918469827
100 unit,dr bastian,52,0.14821372384963818
exercise,turn,95,0.14811215300916059
actual burp,burp,119,0.1480842995518127
flatulence,vomit,41,0.14802966777669901
gas,vomit,135,0.147859411564273
burp,sized burp,30,0.14772932955695353
burp,burp constantly,56,0.14754007013804432
cure,medicine,28,0.1472560843813768
beer,turn,72,0.1470853758323075
air,get gurgle,33,0.1469589186823881
gurgle,stomach pain,38,0.1466963065820883
stomach acid,symptom,36,0.14629337454506347
botox,one injection,30,0.14623014824807604
burp,get micro burp,36,0.14604792248253815
chest,micro burp,55,0.14584910498615336
manometry,treatment,29,0.14584140355180306
air,chest pain,47,0.14564968259863695
burp,pressure,689,0.14549590730236062
dosage,dr bastian,27,0.14547723765636025
acid reflux,ibs,33,0.14530068346594938
bubble of air,burp,51,0.1452529901051943
botox,local anesthesia,43,0.14517006883062228
air,tightness,32,0.14515750678158434
gag,regurgitation,39,0.14472997629252538
burp,regurgitation,520,0.14466136895541162
anxiety,gerd,45,0.14426646683537656
burp,gurgle sound,83,0.14423491800604946
cannot burp,vomit,26,0.1441802996104479
hiccup,pressure,40,0.1441549072988644
gag,gas,68,0.14411201429274825
air,nausea,171,0.1439825608286765
acid reflux,noburp,75,0.14376731166857054
gas,nausea,73,0.14353244756365036
feeling,gurgle,30,0.14344538207373003
burp,burp sound,67,0.1433676476376627
burp,mini burp,114,0.14334288875040332
core,throat,31,0.14331541608296983
gag,pain,100,0.14302819193277114
burp,stop burp,110,0.14285282554645218
burp,burp although,37,0.1427841095376586
discomfort,regurgitation,36,0.1426631553048891
dr bastian,dr karagama,41,0.14248970553190976
bloating,burp,864,0.14234978555098765
amount of burp,burp,25,0.14231008784550078
burp,burp consistently,25,0.14231008784550078
disorder,reflux,31,0.1419750998878107
self,turn,36,0.14172979654364667
botox,second treatment,31,0.14161750957326616
drink,self,51,0.1416081744387246
burp,burp i feel,52,0.14148695100516756
burp,burp properly,83,0.14120797735116655
burp,vomit,1365,0.1410698567266082
burp,reflex,217,0.14092225866535654
burp,still have gurgle,31,0.14087055664139667
burp,relieve burp,86,0.1408067475961264
swallow air,throat,62,0.14057426035099774
teach,turn,54,0.14056778539796494
burp,massive burp,44,0.1401347931378651
swallow issue,throat,35,0.13978756932798697
cover,specialist,29,0.13971401386991245
burp,feel the pressure,67,0.13964463888861872
burp,force the burp,57,0.13964191647776591
anxiety,constipation,27,0.1396107825183278
80 unit,botox,59,0.13960640855632214
exercise,soda,25,0.1395999351611346
gurgle,stomach acid,38,0.13958823029047443
burp,burp often,27,0.1395826411671761
burp,burp loudly,27,0.1395826411671761
croak,gag,25,0.13915075902940324
burp,burp reflex,39,0.13911757030653907
burp,gas,888,0.1390102136582192
burp,burp everyday,25,0.13894891981071966
beer,cure,52,0.13857971320850618
injection,surgery,78,0.13854353628866264
burp,unable to burp,252,0.13841591918121188
injection,treatment,71,0.13840177514489735
burp,feel like air,44,0.13826880410450684
burp,inhale burp,31,0.138198122516348
burp,relief from bloating,31,0.138198122516348
another injection,botox,42,0.13804917228902078
gurgle,headache,25,0.13803833295723236
burp,fear of throw,70,0.13787362469317416
burp,burp the air,26,0.13767932967164417
burp,burp daily,26,0.13767932967164417
burp,croaking,213,0.13764740001192638
antacid,drink,37,0.13757961563128826
gas,symptom,158,0.1375518728712986
surgery,test,106,0.1374748905835876
burp,burp get,82,0.13737021521091308
accidentally burp,burp,32,0.13732090329728128
ibs,reflux,33,0.13724777138208827
cpd,silent reflux,26,0.13707282653386185
burp,gassy,303,0.13704561948038485
air vomit,gurgle,175,0.13685399219899066
symptom,trap air,42,0.13677786993440033
actually burp,burp,138,0.13658483214669048
eat or drink,exercise,25,0.13630906247738903
burp,regular burp,59,0.1363017128442938
hiatal hernia,rcpd,50,0.1362303960833647
burp,excessive burp,45,0.13600132868549566
experience,similar experience,47,0.13572195866095688
burp,burp immediately,25,0.13568244527077417
burp,struggle to burp,56,0.13563252713377202
gas,hiccup,50,0.13556642536243807
chest,vomit,108,0.1354193236850044
air come,pain,40,0.13537460255558484
burp,burp feel,64,0.1353061334134098
50 unit,botox,169,0.13522881348575536
burp,pain med,35,0.1351216959917564
burp,definitely burp,35,0.1351216959917564
burp,feel air,43,0.13503092883791484
hiccup,nausea,42,0.13493377903688736
botox,candidate for botox,37,0.13483415948252966
cost,doctor,150,0.13470884028330052
burp,usually burp,26,0.13457296142441286
burp,burp burp,26,0.13457296142441286
burp,silent burp,36,0.13450860373096238
strengthen,throat,27,0.13449825025504583
burp,burp really,55,0.13444705597525247
also burp,burp,55,0.13444705597525247
procedure,test,248,0.1344466690187698
burp,cough,533,0.13421563066126121
abdomen,throat,62,0.13408431407153018
burp,inability to burp,584,0.13407359642375674
cough,pain,74,0.13402714560498735
endoscopy,treatment,49,0.13397910289382972
air release,burp,30,0.1337771733463773
hiccup,symptom,94,0.1336758952684563
neck,slow swallow,77,0.13342000354512382
botox,unit,65,0.13312362595174504
burp,croaking noise,39,0.13295209707541628
bloating,hiccup,47,0.13280328285784623
procedure,testing,61,0.13276818808342394
fear,noburp,50,0.1327103407725713
bloating etc.,burp,28,0.1326927224006751
burp,weird gurgle noise,25,0.13250547453919545
burp,frequent burp,25,0.13250547453919545
bloating,croak,29,0.13193431641476316
burp,kind of burp,29,0.13189370484088941
cpd,reflux,172,0.13186714771533958
botox procedure,surgery,92,0.13177769105650086
burp,hiccup,523,0.13174888329995096
burp,rarely burp,42,0.13173588191200142
burp,gas come,55,0.131610948414473
burp,much gas,98,0.1315738622912171
dose,dr bastian,85,0.1315575646397492
burp,stomach pain,173,0.1315356249513157
burp,way to burp,39,0.13096415122582206
pain,stomach acid,25,0.13047493031669744
air vomit,nausea,67,0.13018033829770892
botox,inject botox,31,0.12996584462192337
burp,release the air,74,0.12986433419961388
air be come,burp,49,0.12981183445557593
botox,dose,370,0.1297654788692448
burp,frog noise,87,0.12976239185575114
burp,burp occasionally,37,0.12975654808075104
burp,pain,1267,0.12959462892538373
burp,fear of vomit,166,0.12958264267636907
air vomit,gassy,27,0.12931848561268106
discomfort,hiccup,35,0.12928537127661144
air,feeling,30,0.12890896242736186
low esophageal sphincter,throat,39,0.12885296235359342
beer,shaker exercise,27,0.12878736303715538
burp,get gurgle,132,0.12875024573353502
chest pain,vomit,27,0.12870133787415364
always burp,burp,26,0.12859822073409
administer,botox,36,0.12834884118996637
burp,burp taste,50,0.12810432982832318
pain,vomit,178,0.1280897275649756
burp,satisfy burp,31,0.12807129953838903
burp,stomach and chest,31,0.12807129953838903
burp,burp also,66,0.1279844148320833
burp,burp naturally,51,0.12795377700795166
botox,general anesthesia,183,0.12746072909806988
botox,dose of botox,41,0.12743791938773377
alcohol,exercise,28,0.12742211082801155
discomfort,vomit,87,0.1273423113557704
fear of vomit,gurgle,32,0.127183163697228
burp,wet burp,39,0.1270826831263578
drink,teach,70,0.12705241088750627
stomach acid,vomit,25,0.12686953905508422
air bubble,burp,141,0.12678330420709252
burp,uncontrollable burp,112,0.12652495924563054
anxiety,cpd,193,0.1262695643854511
anesthesia,botox,327,0.12609871414309448
100 unit,botox,197,0.1260175527750373
croaking,symptom,35,0.12581608793425636
air vomit,croak,29,0.12578861475724742
botox,round,297,0.1257749200036238
croak,pain,43,0.12557569693144632
gassy,symptom,50,0.12542631416718647
burp,symptom match,27,0.12512027447100402
burp,gargle,101,0.12491673641705246
medicine,turn,31,0.1247340478393264
burp,release gas,70,0.12469542960438698
burp,symptom,1593,0.12446552256908719
cough,discomfort,34,0.12442241777917241
drink,tum,27,0.12424021059194977
burp,randomly burp,29,0.12411181136846217
anxiety,noburp,81,0.124111488910267
frog,symptom,25,0.12345464209304371
burp,gurgle start,61,0.12342178819793619
gurgle,stomach issue,25,0.12334119662546708
burp,projectile vomit,39,0.12332066396263804
air build,burp,31,0.12331393260160771
burp,sometimes burp,31,0.12331393260160771
burp,think burp,31,0.12331393260160771
emetophobia,noburp,50,0.12328279323124237
burp,feel pressure,40,0.12314738649913254
burp,reverse burp,32,0.12297939793837578
constipation,rcpd,45,0.12275616165373654
acid reflux,fear,40,0.12275089427027683
burp,properly burp,43,0.12273527827961588
burp,less gas,27,0.12243058753288676
noburp,reflux,69,0.12240006307985199
heartburn,noburp,28,0.1223662738464855
burp,burp feel like,40,0.12135705449625421
botox injection,botox procedure,36,0.12095049084956441
burp,burp seem,34,0.12032561272774206
burp,get gas,26,0.12017417223710507
botox,dr bastian,915,0.12013564280794835
cure,medication,33,0.1200663046871537
cannot burp,gurgle,30,0.12004657077079785
burp,cannot burp,155,0.12003117995048142
burp,excessive flatulence,95,0.11986742479648936
burp,extreme pain,27,0.1198013481440189
burp,burp usually,27,0.1198013481440189
burp,pressure build,42,0.11947592619209402
bloat,symptom,48,0.11925068468765969
medication,turn,43,0.11886752770171738
doctor,nhs,76,0.11876440639276592
scope,treatment,29,0.11843026948187485
burp,stomach problem,56,0.11837449427625077
burp,gurgle bloating,34,0.11827019299864835
burp normally,gurgle,30,0.11819853928755122
swallow more air,throat,27,0.11791105579387301
fear,reflux,41,0.11789319658523284
burp,loud gurgle,46,0.11786199743710624
burp,trouble burp,42,0.11781987770517802
med,turn,28,0.11740306268550069
acid,cpd,70,0.11736274579778515
dysfunction,throat,42,0.11710947205299801
pain,puke,41,0.11700167161583297
gas,micro burp,52,0.11653742862778556
cough,nausea,37,0.11652271578720269
burp,feeling,127,0.11637036080714595
chest,regurgitation,35,0.11634632877270694
air burp,burp,35,0.11619713392490982
bloat,burp,271,0.11618363813835583
drink,shaker exercise,78,0.1157795372062216
air vomit,bloating,69,0.11553441159468777
muscle,slow swallow,76,0.115331405900286
botox,second injection,84,0.11524868308185823
burp,severe bloating,49,0.11517141804301889
burp,stomach issue,122,0.11498540266175587
stretche,throat,25,0.11479811928466362
burp,feel like vomit,28,0.11458060935048346
burp,puke,300,0.1145633175639526
burp,gurgle like,35,0.11426653789426121
anesthesia,dose,26,0.11388524555112531
fear of vomit,symptom,26,0.11354879301801023
air vomit,micro burp,51,0.11330243306591145
bloating,cough,41,0.11282406441091468
burp,upper chest,39,0.11268300314488423
air,fear of vomit,32,0.11253475695383221
gurgle,vomit,232,0.11250742977805268
burp,main symptom,82,0.11236288549188406
accidental burp,burp,34,0.11230670013650558
burp,burp uncontrollably,48,0.11228703886377742
burp,weird gurgle,27,0.1122505845476495
burp,burp except,31,0.11219197148305694
burp,painful bloating,47,0.11213762045022226
air escape,burp,46,0.1119891880010326
croaking,gurgle,35,0.11169936515291129
burp,get air,74,0.11163925762378099
burp,release the gas,41,0.11126920293054703
burp,chest pain,172,0.11123082422388647
botox,second dose,140,0.1111994667547248
botox procedure,treatment,73,0.11114500213214243
botox,general anaesthetic,79,0.11084188766031745
air vomit,chest,60,0.11075519528659897
botox treatment,test,39,0.11062171576547818
gurgle,puke,56,0.11056714093175075
burp,diarrhea,73,0.11053436367215827
75 unit,botox,87,0.1104330458471564
symptom,vomit,206,0.11016864124552501
burp,relieve the pressure,51,0.11015990772214757
anaesthesia,botox,33,0.11010834034516542
burp,trap wind,30,0.11000644206601892
burp,burp stop,28,0.10988013612554534
burp,much pressure,42,0.10985751769729254
burp,gurgle happen,27,0.10983820570088874
burp,reliably burp,25,0.1098084644933011
pain,regurgitation,58,0.10962898495825797
air,trap gas,32,0.10960530952816773
operation,procedure,47,0.10949199445983326
air,shortness of breath,33,0.10941676757726074
burp,involuntary burp,39,0.1093333148138711
burp,random burp,38,0.1091606876430382
begin burp,burp,38,0.1091606876430382
burp,gurgle and bloating,37,0.10898959197068654
burp,excessive gas,36,0.10882037796516694
burp,extreme bloating,44,0.10874148475907396
botox,office,496,0.108671845947448
air,regurgitation,92,0.10835121652886827
cpd,fear,100,0.10830237179730577
botox,get 100 unit,38,0.10804895005890737
burp,indigestion,98,0.10777275259688204
burp,pass gas,89,0.10773420266703806
burp,relieve pressure,26,0.10736105831146746
burp,force air,44,0.10729017076024472
burp,end up throw,25,0.10725996238960069
burp,gas pain,66,0.1070340837338126
gurgle,trap gas,28,0.10661482082161372
disorder,noburp,26,0.10642557996979986
burp,throw up since,51,0.10638644684902834
burp,excess gas,67,0.10633610455107774
burp,stomach cramp,40,0.10632164956075987
burp,burp thing,73,0.10610573487072963
burp,burp cause,39,0.10607296223839255
anesthetic,botox,28,0.10596818179711003
swallow pill,throat,25,0.10595290395529598
150,botox,35,0.10591371177539394
burp,burp symptom,81,0.10573527725708746
burp,burp problem,37,0.10556755815940731
bad bloating,burp,26,0.10495928443972469
fear,rcpd,83,0.10490881397637332
burp,stomach acid,155,0.10467509969744407
burp,burp regularly,60,0.1043861295484902
cpd,noburp,160,0.1043568684879931
botox,month post botox,196,0.10434633053498578
50,office,32,0.10427666554117716
air,symptom,310,0.10419767816277595
drink,medicine,38,0.10406024072571446
procedure,treatment,272,0.10404242146941892
air vomit,hiccup,40,0.10401152083566524
200 unit,botox,30,0.10397971289039477
procedure,study,114,0.10379352406522425
condition,similar experience,28,0.10377246336518199
cure,drink,131,0.10372198629598234
air trap,burp,60,0.10334955663086681
30 unit,botox,25,0.10333794972755343
2nd dose,botox,25,0.10333794972755343
anxiety,reflux,64,0.10322824742334052
burp,fullness,52,0.1030447686205467
burp,tightness,110,0.10276646651249995
burp,gag,584,0.10266782187124217
gurgle,shortness of breath,28,0.10241808324802759
bloating pain,burp,25,0.10232508240367656
botox,consider botox,26,0.10224651051292771
air get,burp,36,0.10190013966546281
beer,exercise,31,0.10179198662112296
amount of gas,burp,72,0.10150629301978951
barium swallow,throat,46,0.10116703843871118
burp,gas build,46,0.10101295767953539
burp,phobia of vomit,27,0.10065732261308302
burp,produce gas,27,0.10065732261308302
cough,symptom,76,0.10057262435007693
burp,painful hiccup,122,0.10052578475726091
burp,stomach gurgle,32,0.1004674601614751
les,throat,64,0.10024928373104626
burp,constant bloating,36,0.10023016547115388
cost,ent,41,0.10013722232587022
burp,burp gurgle,25,0.09993423114408753
botox treatment,hospital,25,0.09958722641539637
burp,burp and feel,42,0.09950874363681607
burp,nausea,621,0.09937556332505752
gag,inability to burp,33,0.09895759643067488
burp,trigger my gag,44,0.09892165655378979
75,botox,81,0.098817701869666
burp,frog,122,0.09850349268682601
burp,constant gurgle,35,0.09815468309153737
50u,botox,33,0.09811743403522039
air vomit,pain,96,0.09782982365923014
air,inability to burp,102,0.09776011154373954
burp,produce air inside,30,0.09774138438024113
burp,cough burp,25,0.09759168322949278
burp,symptom have get,25,0.09759168322949278
phobia,rcpd,31,0.09744498673619345
gastroenterologist,throat,62,0.09696710319289423
burp,cramping,36,0.09695777141255066
burp,lack of burp,42,0.09670467384656872
office,round,31,0.09632032868432937
burp,chest pressure,46,0.09586690190485977
gurgle,inability to burp,90,0.09576050095756011
acid reflux,anxiety,57,0.09546236964676086
gag,hiccup,29,0.09543370493756037
bloat,vomit,32,0.0949775932257621
manometry,procedure,53,0.09489997455271708
doctor,private,28,0.09487922454221756
dr bastian,in office procedure,26,0.09451378366148042
alcohol,turn,37,0.09443958576034998
burp,similar symptom,53,0.09436503118021061
burp,difficulty burp,27,0.09421553631476387
cpd,heartburn,54,0.09376332755677866
micro burp,symptom,86,0.09367604321903628
botox,receptionist,31,0.09340028259695032
hiccup,vomit,57,0.0930811363264303
burp,push burp,45,0.09286981597703624
acid,rcpd,50,0.09282052531688303
burp,gas bubble,34,0.09266863811280006
burp,cough fit,34,0.09266863811280006
study,surgery,43,0.09263438859969932
condition,else experience,29,0.09241033041779188
burp,trap air,181,0.09225524250202623
burp,get nausea,27,0.0921447525397778
dr bastian,ga,34,0.09209392861630174
botox,botox with dr,41,0.09205070684696784
burp,burp issue,69,0.09199668183438607
acid reflux,emetophobia,34,0.09182069257416785
cpd,phobia,35,0.09163788682883109
regurgitation,symptom,66,0.09157327528094757
burp,symptom free,29,0.09143218655061826
burning sensation,burp,28,0.0907847858672256
burp,extra air,43,0.09052967948877663
drink,exercise,93,0.09024170359558958
micro burp,nausea,36,0.09017822720160694
burp,less bloating,27,0.09010998422728012
actually throw,burp,67,0.08944884509935541
air vomit,burp,707,0.08911723784098202
burp,pain and discomfort,38,0.08893225126290634
cure,turn,82,0.08779556939937898
burp,retching,58,0.087706302193076
burp,trap gas,131,0.08767410205362289
injection,test,38,0.08756118773993367
burp,excess air,49,0.08683153339545031
croak,vomit,33,0.08615548292897562
bloating,regurgitation,31,0.08609863212929107
burp,symptom go,29,0.08585716766385539
gag,micro burp,32,0.08506320668414237
air vomit,discomfort,42,0.08481456808480613
burp,stomach ache,78,0.08468879651413945
burp,get reflux,36,0.0846869023412969
croak,symptom,41,0.0843464938464957
drink,medication,48,0.08430146410621629
botox,many doctor,40,0.08359746388339705
gastro,throat,31,0.08315040304541416
esophagus,slow swallow,74,0.08293450291233209
gi doctor,throat,30,0.08292909380421472
doctor,surgeon,36,0.08287489377322615
50 unit,dr bastian,26,0.08281848379003523
gurgle,regurgitation,69,0.08257423387817622
burp,stomach gas,34,0.08165867877959887
burp,every symptom,32,0.08153493763625169
bad reflux,burp,33,0.08082326105861594
anaesthetic,botox,55,0.08063977064248702
bad symptom,burp,74,0.08061463742457879
burp,gas pressure,27,0.0804353653063788
burp,cramp,56,0.07911605288026724
burp,throw up air,40,0.07832902100369851
actual vomit,burp,33,0.07778995797447118
burp,vomit air,48,0.07758620893988219
burp,symptom start,34,0.07723219882133937
botox,in office procedure,107,0.0768665515472173
botox procedure,botox treatment,27,0.07681093918292387
bloating,vomit,81,0.0756078596775435
bloating,gag,40,0.07556851407115585
air pressure,burp,36,0.07488388000401591
burp,symptom like,30,0.07485664388318987
burp,constant nausea,31,0.074321990743063
50,dr bastian,45,0.07381306054938123
abdominal pain,burp,44,0.0734096829613553
botox,ga,140,0.07335025805400472
burp,gag reflex,141,0.07320125807415959
surgery,treatment,90,0.07203330203472118
burp,sharp pain,28,0.07100603266444139
burp,get hiccup,51,0.07095584343239994
burp,difficulty breathing,47,0.07064552689954193
botox treatment,procedure,104,0.06935133044752971
burp,distention,29,0.06897375602598999
air vomit,inability to burp,34,0.06895543128557578
botox,dr karagama,112,0.06854034010194551
air vomit,symptom,102,0.06804235948558551
burp,burp syndrome,39,0.06772645124797481
burp,cant burp,59,0.0675728856291617
burp,headache,79,0.06711187945393352
botox procedure,injection,29,0.06696797643085403
burp,symptom get bad,40,0.0664132898974747
breathing issue,burp,41,0.06628210869895829
100u,botox,30,0.06601776090762725
burp,get the gas,35,0.0659833545061224
belch reflex,burp,29,0.06434639375438665
dr bastian,round,43,0.06383218510601531
gag,symptom,75,0.06191945572184907
botox treatment,surgery,39,0.06166858521074608
micro burp,vomit,54,0.060765416019888815
botox,post botox,208,0.06014761035492912
burp,shortness of breath,112,0.05873854172225817
gas,regurgitation,26,0.05823470199933018
botox,year post botox,30,0.05771780859722422
botox,first dose,52,0.0577016224182494
botox,week post botox,146,0.05693205930251314
burp,hunger,37,0.05519443643112241
botox,post surgery,47,0.054732691822317873
heartburn,rcpd,34,0.05472338422618196
burp,hypersalivation,43,0.053971017166917365
gi,throat,48,0.05332141415784642
burp,chronic nausea,28,0.05265774634738429
bad gurgle,burp,25,0.05213354929134444
botox,botox yesterday,26,0.052068095415890976
emetophobia,reflux,26,0.04987431014824698
burp,supragastric belching,30,0.04526483369552974
dr bastian,month post botox,27,0.044193725579730676
blood pressure,burp,26,0.040797444577110514
actually vomit,burp,49,0.04033008111956247
burp,symptom bad,25,0.03606418182018168
burp,gas x,69,0.03199564712208092
puke,symptom,27,0.029467811752825788
burp,common symptom,34,0.026088909917498623
botox,day post botox,89,0.022084276026407654
noburp,rcpd,43,-0.05275690741670658
cpd,rcpd,76,-0.10897235679222486
